id,tweet,subtask_a
2707,@USER Θέλω να των δω από εδώ και εμπρός αν δεν κάνει το καλό παιδί αν τον πολεμήσουν στο 1/3 από όσο πολέμησαν την Χ.Α τις αντοχές του όσο δεν είσαι στόχος καλά είναι αν γίνει θέλω να δω τι θα κανει,0
2251,#survivorgr Α Και 60 φορές και με διαφορετικούς... Ε είσαι πολύ τσοκαρο κορίτσι μού,0
9814,"Και μου έλεγε η γυναίκα μου το πρωί πάρε την τυρόπιτα μαζί σου θα πεινάσεις.. Ήθελα κι εγώ να το παίξω τζέντλεμαν και της λέω φάτην εσύ..δεν πειράζει,δεν πεινάω. Τώρα που πεινάω και δεν μπορώ να πάρω κάτι;Που είναι η τυρόπιτα;",0
8949,κατω τα χερια απο τον #κυρανακης,0
6913,"@USER μην μας το παιζεις πονοψυχη,κρυφορατσιστρια του κερατα. μεταξυ σας αυτα να τα λετε,δημοσιως δεν πιανουν. Φασισταρια ,ρατσιστες,πατριδοκαπηλα ανιστορητα υποκοσμικα ανθρωπαρια η δεξια/ναζι",0
8057,"Και είπε η Κειση, έλα Άννα κάτσε στο σπαθί τώρα να μάθεις να φέρεσαι. #gntmgr",0
5244,"@USER Μιλάς με γυναίκα για τη γυναικεία κάβλα. Γενικά δεν το έχεις ξαναπάθει, οπότε σου φαίνεται περίεργο.",0
9447,@USER Ήταν της ΜΚΟ το βαν καλή μου. Τι να πούνε ότι είναι μαλακες;,1
1309,@USER 1ον. Δεν ειναι ιδιοκτήτης του Noor1 ο Μαρινακης. 2ον. Η «ανεξάρτητη» Δικαιοσύνη όπως υπονοείς λειτουργεί και τωρα δηλαδή;,0
9640,Πολάκη τα σπας. Άντε γαμησου όμως,1
520,Κόψιμο την επιασε την υπάλληλο; #shoppingstar,0
3149,#ερχεται_ΠΟΥΤΣΑ Ωχ τέλη Ιουνίου θα χει τελειώσει και η σύνταξη γιατί την έδωσε 1 βδομάδα νωρίτερα.,0
4845,ΔΕΝ ΕΦΥΓΕ ;ΓΙΑΤΙ ΕΙΝΑΙ ΠΑΛΙ ΠΙΣΩ ; #gntmgr,0
349,σε λίγα επεισόδια είδα η #πουτανΕλλη θα κάνει μάθημα ιππασίας στη Μελίτη θα ζήσουμε μεγάλες στιγμές #GynaikaXwrisOnoma,0
7658,@USER τι μουνόπανο είναι αυτό,0
431,Αξιοσημείωτο ότι περιγράφει τη πολιτική που εφαρμόζει ο Αλέξης Τσίπρας για τους πολλους.Ότι ο τόπος χρειάζεται ΚΟΙΝΩΝΙΚΗ ΔΙΚΑΙΟΣΥΝΗ ΦΡΟΝΤΙΔΑ ΓΙΑ ΤΟΥΣ ΜΗ ΕΥΝΟΗΜΕΝΟΥΣ». Αδειάζει με το τρόπο του τον ΚΜ που λοιδωρεί τα πρόσφατα ΜΟΝΙΜΑ μέτρα που έφερε ο Πρωθυπουργός ψήφισε η Βουλή;,0
1777,"@USER Αφού τους είχες ζήσει, όπως και γω, φαντάσου πόσο βλακας είσαι που τόσο καιρό δεν είχες καταλάβει πως να μην σου ξανασυμβεί.",0
4101,@USER Εσύ πρέπει να είσαι σοφός άνθρωπος..,0
1035,Δεν έμαθες ούτε από τον Εφιάλτη ούτε από τον Ιούδα. Γιατί τέτοιου βεληνεκούς ρουφιάνος είσαι. Κρίμα.,0
8688,"Έλα νταξ, κούρασε λίγο ο Μάστορας με τη μίμηση του Παπακων/νου! Ας κάνει και κανέναν άλλο! #xfactorgr",0
8060,Ρε Μπράτη σήμερα έχεις διαύγεια..... #gntmgr,0
3829,Γιατί τις ξανακουβαλησαν αυτές; #shoppingstar,0
6329,Μια χούφτα ακροδεξιοί και ο Ψωμιάδης να ψήνει σουβλάκια.... #μπαρμπεκιου #διαβατα,0
5436,"Ποσο περηφανα να ειναι σημερα τα ναζιδια που ειδαν τον Φυρερισκο τους να τρεμει μπροστα στην Δικαιοσυνη! Μιλησε απαξιωτικα για βουλευτες του, ειπε πως ο χαιρετισμος δεν ειναι ναζιστικος, οτι δεν ειναι φασιστας. Αρνηθηκε δλδ πραγματα για τα οποια ""αγωνιζεται"" μια ολοκληρη ζωη.",0
8875,"@USER βγάλε όσο ομοφοβικό εμετό έχεις τώρα , γιατί σε λίγο στο gay pride πρώτο θα δεις τον #κουλη και την παρέα του ! Ξέρω πονάς αισθάνεσαι προδομένος αλλά από κάτι τέτοιους μαλακές σαν και σένα επιζούν αυτοί !",1
2970,Κάνεις μπάνιο για να είσαι καθαρός. Μπαίνει ηλεκτρικό. Κάνεις μπάνιο με τον ιδρώτα σου. Καλό καλοκαίρι.,0
3820,Ελληνικό κράτος είναι αυτό που είσαι υποψήφιος δημοτικός σύμβουλος στην Μήλο αλλά ψηφίζεις στον Πειραιά. Και το μαθαίνεις σήμερα. Ευχαριστώ,0
4204,τις δυο δεν τις θυμαμαι διολου #shoppingstar,0
285,εμείς οι γυναίκες και στα θυμαράκια να πάμε θα βάλουμε φοντέσιον ‍️ #shoppingstar,0
5431,"Οι Ευρωπαίες που θα τις μπολιάσουν οι Ασιάτες, παραπάνω απο 2 παιδιά μέσο όρο, δε θα κάνουν. Καλύτερα να μας στείλουν γυναίκες, να τις μπολιάσουν οι Ευρωπαίοι, να κάνουν απο 6 ή 8 παιδιά, να λύσουμε και το ασφαλιστικό. Άντρες δέ θέλουμε. Έχουμε.",0
3725,"Πήγαινα με 80 σε πηγμένη Εθνική, φορώντας κράνος (των 800€, όχι του Πράκτικερ), μπουφάν, γάντια, μπότες, παντελόνι με επιγονατίδες και πάλι διέλυσα τον ώμο μου. Δεν είστε μάγκες αν δεν φοράτε προστατευτικά στη μηχανή. Μαλάκες είστε.",1
2898,@USER καποιοι δε σκληραινουν ποτε....απλα κλεινονται...κ δυνατος δε γινεσαι μ το άδικο ...δυνατος εισαι για οσα ξεπερνας..περνας ..νικας χωρις κανεις ν ξερει....για οσα βοηθας και στηριζεις... να στε καλα,0
5920,"Πολύ φυσικές οι αντιδράσεις της Βικης, καμιά υπερβολή και πάλι, πουθενα. #GNTMgr",0
5647,Αυτές δεν ξέρουν καν τι είναι η υπεραλίευση εν το μεταξύ #gntmgr,0
955,@USER πιστεψε με ξερω και πολυ καλα ελληνικα και χρησιμοποιω πολυ καλα την γλωσσα και υποψιαζομαι οτι ειμαι και μεγαλυτερος αν νομιζεις τωρα οτι μου την ειπες με το λεξικο επειδη σου λεω οτι ο ντανος ειναι καλυτερος σε ολα απο δαλακα εισαι πολυ γελασμενη,0
8318,"@USER ""πραγματικά"" η όχι θύματα ιμπεριαλιστικών πολέμων, ούτε διαχωρίζονται τα θύματα των πολέμων, τα παιδιά, οι οικογένειες οι πρόσφυγες γενικά με βάση την θρησκεία η την γλώσσα. Οι εποχές μπορεί να είναι διαφορετικές, η ουσία του ρατσισμού δεν αλλάζει.",0
1807,#poweroflovegr 7 μερες χωρις μαναφουκι... Θα αυτο-δηλητηριαστουμε ρε αν δεν το βγαλουμε απο μεσα μας μετα απο τοση στερηση! Κανονιστε!,0
5672,"#gntmgr Νομιζω πλεον οι ""δοκιμασιες"", περα απο την πλακα, εχουν παρει, καθαρα, χαρακτηρα γελοιοποίησης των παικτριων.",0
2902,"Αυτό που δεν έχετε καταλάβει σύντροφοι και ξεφτίλες συνοδοιπόροι είναι ότι το προϊόν ΣΥΡΙΖΑ είναι πλέον τοξικό. Και ως τέτοιο αντιμετωπίζεται: όσο πιο μακριά, τόσο πιο καλά",0
1283,@USER ρε δεν πας στο διάολο και εσύ και ο κούλης,1
9262,Ο Κυπραίος μόνο στο κοτετσι του #GNTMgr που δεν κρύφτηκε. Νισάφι πια #AgriesMelisses,0
4006,"Τι κύκλους να έχεις εσυ Πάρις μου, ο άντρας σου έχει και για τους δυο. #shoppingstar",0
4928,στο μουνι της Μαριας δεν βγαινει ποτε ο ηλιος #kalomesimeraki,1
3037,"Η Λορέϊν φαίνεται πολύ γλυκιά ύπαρξη, αν δεν έκανε εκείνη την πασαρέλα δε νομίζω να την θυμόμασταν #shoppingstar",0
6649,"@USER λογικό δεν είναι; είδαν τι έγινε στην Ισλανδία, σου λέει άσε μην κάνουν καμιά παπαριά και βγει κανένας πολιτικός με αρχίδια και τα κάνει όλα μπαχαλο",1
3295,@USER Υπάρχει μια διαφορά ο Σύριζα ...Μετά το σύριζα το θα #ερχεται_ΠΟΥΤΣΑ θα γινει πραγματικότητα! Αν όχι .. δεν υπάρχει άλλη ελπίδα ...διαβατήρια κ δρόμο! Βουλιάχτε μόνοι σας!,0
3811,"#poweroflovegr τον καινούργιο του είπε η μάνα του ""να πας παιδί μου αλλά κοίτα να είναι καμία παρθένα "" κι αυτός διάλεξε την Άννα που είναι πουτανα στην ψυχή.",1
6002,Λείπει η Μαρτίνα μας #GNTMgr,0
7379,#kokkinopotami Ξελογιάστηκες Μίλτο!,0
538,"- εγώ αργά και βασανιστικά κατεβάζω το εσώρουχο σου ... - ρε, βλαμμένο εισαι; Τελείωνε με τα απλωμένα, ψιχαλιζει ! – χαζή",0
2549,Αυτό που η δεξιά υπόσχεται ανάπτυξη και θέσεις εργασίας που ποτέ κανείς δεν βλέπει για να κονομαει είναι το δεύτερο καλύτερο κόλπο που έχει σκαρφιστεί κάποιος μετά την εκκλησία #ΝΔ_ξεφτιλες #εκλογές #Εκλογες_2019,0
3349,"Σήμερα ψηφίζουμε. Πρώτο μας μέλημα η ήττα του φασισμού. Να στείλουμε το μήνυμα σε όλη την Ευρώπη για ανατροπή του συντηρητισμού και ισχυρή σοσιαλδημοκρατία. Για μια Ευρώπη με κοινωνική δικαιοσύνη, αλληλεγγύη και αξιοπρεπείς δουλειές για όλους. @USER #Proti_Epilogi",0
3905,@USER Δε γαμαω μαλακες ειμαι επηλεκτηκη! Παω με ανδρες οχι με λουλουδες σαν εσενα απελπησμενε αγαμητε χαχαχα,1
7601,..συμπέρασμα: δεν έχει σημασία το αν έχεις φωνή κ ταλέντο..σημασία έχει ότι κ να' σαι..να έχεις πολλούς fans για να σε ψηφίζουν!. ισχύει για όλα τα talents show! #XFactorGR,0
3479,"#gynaikaxwrisonoma εντωμεταξυ η ελλη νοιαζεται να μην κανει κακο στη Μελιτη η Κατια,γλυκουλα μωρε καποιες φορες",0
4993,@USER τι λες μωρη μαλακω δεν αποφασιζει η πλειοψηφια αλλσ ποιος; μηπως πρεπει να παρουμε την αδειαςσας; εισαστε ολοι για τα σιδερα,1
3864,"ειμαι σε διλημμα ή να αποκαλυφθω ποια ειμαι ωστε να μπορεσω να σας συστηθω και να σας καλεσω σε πραγματα που θελω ή να συνεχισω την ανωνυμια και να βριζουμε τον καριολη, την καριολα, να λεμε ακροτητες για να περναει η ωρα...",1
9536,Λολ καμία δεν τη χαιρέτησε #gntmgr,0
8352,"Είναι μαγνητική η ομορφιά της Άννα Μαρίας πάντως, θα φτάσει ψηλά #gntmgr",0
316,Μόνο εγώ το βαρέθηκα τόσο.. ; #poweroflovegr,0
6920,@USER Σήμερα; Κάτι άκουσα ότι θα παίξει ξύλο η Σουζάννα.. #GNTMgr,0
7464,"ΤΙ ΣΚΕΦΤΟΜΑΙ να του απαντήσω, αν μου στείλει: Έχεις μουτρα και στελνεις ρε μουνοπανο; ΤΙ ΑΠΑΝΤΑΩ: Καλησπέρα αγάπη μου",0
5300,#GNTMgr Σαν χοντρος Μποτρινι ειναι αυτος,0
7173,"Ο άλλος στο Μέτσοβο ονόμασε την ταβερνα - τα 5φ : φίλε φάγε φέρε, φίλους, φύγε. Εγώ θέλω να φτιάξω μια ταμπέλα για όλους κ όλα- τα 5γ: γαμιέστε, γαμιέστε, γαμιέστε, γαμιέστε, γαμιέστε.",0
2796,@USER είσαι ανέραστ@,0
3227,@USER χες τα. το πρόβλημα ξεκίνησε από παλιά που οι αρχαίοι έβαζαν άντρες να παίζουν γυναίκες.,0
7893,"Να δεις που Άννα δεν κατάλαβε την ερώτηση "" θα πήγαινες πότε με παντρεμένο;"" Και απάντησε όχι #erwtasmeta",0
2161,#eutixeite Καλού κακού ένα τεστ γονιμότητας το κάνεις για να είσαι σίγουρος!,0
7232,@USER ΔΕΝ ΦΡΟΥΡΟΥΝ ΤΟ ΑΙΓΑΙΟ!ΟΙ ΤΟΥΡΚΟΙ ΚΑΝΟΥΝ ΧΙΛΙΑΔΕΣ ΠΑΡΑΒΙΑΣΕΙΣ! ΈΠΡΕΠΕ ΝΑ ΤΟΥΣ ΕΙΧΑΝ ΚΤΥΠΗΣΕΙ!ΑΛΛΑ ΕΙΝΑΙ ΚΟΤΕΣ!ΔΕΝ ΕΠΙΤΕΛΟΥΝ ΣΗΜΕΡΑ ΤΟ ΕΡΓΟ ΤΟΥΣ!ΑΛΛΑ ΕΙΝΑΙ ΣΗΜΕΡΑ ΤΑ ΓΙΟΥΣΟΥΦΑΚΙΑ ΟΙ ΚΟΥΡΙΕΡ ΤΩΝ ΜΟΥΣΟΥΛΜΆΝΩΝ ΛΑΘΡΟΜΕΤΑΝΆΣΤΩΝ!Η ΕΛΛΑΔΑ ΕΙΝΑΙ ΣΚΛΑΒΩΜΈΝΗ ΣΤΟΥΣ ΓΕΡΜΑΝΟΥΣ!,0
1334,"Το οτι ήσουν γρήγορο σπερματοζωάριο, δε σημαίνει πως είσαι κι έξυπνο. #ekloges2019",0
2243,@USER Βουλωστο μπούλη εσύ είσαι μπουκωμένος μέχρι το λαρύγγι τσογλαν τσιμπουκ χαχαχα,0
8879,Εννοειται οτι η Εβιτα ειναι η παικτρια που επειδη επαιξε τοσο με τους κριτες κ ηταν πολλη ωρα στο stage για τηλεοπτ λογους οταν θα παει να πει σε ποιανου ομαδα θα παει Ο ΣΚΑΪ ΘΑ ΔΩΣΕΙ BREAK. #TheVoiceGR,0
1728,Περίμενα να είναι τόση αλλά.. #ερχεται_ΠΟΥΤΣΑ #ερχεται_ΒΟΙΔΟΠΟΥΤΣΑ,0
8896,η παραγωγη δεν ειχε για κομπαρσους #gntmgr,0
3609,"#ηρθε_και_ηταν_ μεγάλη η ΑΠΟΧΗ 51% στήν Α'Αθήνας. που σημαίνει οτί το Δημόσιο Πράγμα δέν συγκινεί τήν πλειοψηφία της απορίας τών πολιτών του 1ου Δήμου της Χώρας. Η όψη,η σχέση,η κατεύθυνση, η ποιότητα τών προσώπων,οι ανάγκες,οι ιδέες. Φαντάσματα της πόλης. Σάν ξένοι",0
7153,Όταν η ανάσα βγαίνει βαριά 2 πράγματα συμβαίνουν. Ή έχεις νεύρα ή η πίεση σου έχει σπάσει τα κοντέρ απ’ τα νεύρα ή έχεις καιρό να κάνεις σεξ κι έχεις νεύρα ή η πουτάνα η ζωή σε αδίκησε κι έχεις νεύρα ή βλέπεις τις ίδιες μούρες στη δουλειά κι έχεις νεύρα ή ΓΑΜΙΕΤΑΙ Ο ΔΙΑΣ,1
5923,Οι Έλληνες πουλάνε τις χρυσές λίρες της... Κατοχής - Στα ύψη η τιμή #agriesmelisses #gntmgr,0
2778,Δεν πιστεύω πως πρέπει να είσαι αθλητής για να μπεις στο #survivorGR,0
10189,"Kαλα οι σρζαιοι ειναι μαλακες, το παπαδαριο τι κανει ρέι",1
1567,#shoppingstar τά είδαμε τά νύχια πονηρούλι..,0
3747,"Διασυρμός κυβέρνησης,Δικαιοσύνης,ΕΛΑΣ με Κουφοντίνα. Η κυβέρνηση έφτιαξε νομοθετικό πλαίσιο υπέρ του αμετανόητου δολοφόνου. Η ΕΛΑΣ απλά παρακολουθεί τους υποστηρικτές του να σπάνε και να απειλούν. Η Δικαιοσύνη,υπό πίεση, καπελώνει άξιους δικαστικούς για να τον διευκολύνει.",0
8934,"Κβαντική φυσική να τους εξηγούσες το ίδιο θα ήταν αγαπητέ Άντζελο, τίποτα δεν κατάλαβαν #gntmgr",0
1696,Η πωλήτρια που είναι; #ShoppingStar,0
7419,"@USER κυρ Απόστολε το έχουμε χάσει το παιχνίδι. Οι λευκές γυναίκες γουστάρουν να πηδιούνται με μαύρους. Θυμήσου τη μάνα του Obama που παντρεύτηκε τον Κενυάτη, την παράτησε σε δύο χρόνια και μετά ξαναπαντρεύτηκε έναν ασιάτη που την έδερνε",0
4784,Εμείς πάλι γελάμε με εσένα Σουζάνα #GNTMgr,0
5938,Μαράκι έλα να κάνεις κάνα ξόρκι στους απλήρωτους λογαριασμούς μου ρε φίλε #gntmgr,0
6770,"Το συμπερασμα είναι ενα. Ειτε φας,πιτουρο,μπροκολο και σελερι ειτε φας γυρο και κοκορετσι ο μαλακας παλι θα σε αφησει στο διαβαστηκε.",1
6000,Άλλο ένα μεσημέρι που πέρασε με κέφι και γέλιο! Στους υπόλοιπους ξυδάκι.... #kalomesimeraki,0
9250,Τζάμπα πήγε η ώρα της Μαρίας στη φάρμα.. Ασ έστελνε τον τράγο στις FF. #gntmgr,0
7389,Η Μαρία κάνει μόνιμα μνημόσυνο με ξένα κολυβα...και οποιος καταλαβε...καταλαβε...#GNTMgr,0
1791,@USER Γιώτα μου για πολλοστή φορά μας συρεις με τους υπόλοιπους. Μπορείς να προσπαθήσεις να είσαι πιο αντικειμενική; Η να λες ότι μιλάς για τα 4 κόμματα να μην μας παίρνει και εμάς το κύμα; ΔΕΝ είμαστε όλα τα κόμματα το ίδιο.,0
8392,#GNTMgr ; -Θεία τι δώρο μου φερες απ την Μύκονο; -Κάτι πέτρες... -...,0
3164,Αστερι Μισελίν είπε η αμόρφωτη βλάχα; #masterchefgr_xeftiles,0
8234,κανένας: στον εαυτό μου 8.55: αντε γαμή- αντε γαμήσου εργατιά,1
5511,"@USER Για να φτάσει να το κανει γι αυτον τον λόγο η αλλη μιλαμε για την επιτομή του ""0 χαρακτηρας"". Δυστυχώς σε πολλές άλλες γυναίκες δε γίνεται μόνο για εναν άχρηστο. Ειναι βαθύτερο το πρόβλημα και χει πολλές συνιστώσες. Μακάρι να μειώνεται το ποσοστό των γυναικων αυτων, κριμα",0
3880,@USER Επειδή είσαι καμένο κλαρίνο... μήπως; .,0
8225,"Παρακαλώ, μου το τυλίγετε για δώρο; #gntmgr",0
3057,Αυτό το πράγμα να χάνουν τα λογια τους άμα δεν έχουν κάπου να τα διαβάσουν πραγματικά με ξεπερνά #masterchefgr_xeftiles #MasterChefGR,0
7339,Αυτή είναι υπερπαραγωγή #kokkinopotami και όχι #AgriesMelisses ένας δρόμος και 5 σπίτια που ο ένας πέφτει πάνω στον άλλο !,0
54,"ΜΕ ΣΗΜΑ ΣΤΗΝ ΚΑΡΔΙΑ ΕΝΑΝ ΠΟΥΣΤΑΡΑ! ΣΤΗΣ ΤΡΟΥΜΠΑΣ ΤΑ ΣΤΕΝΑ Η ΜΑΝΑ ΣΑΣ ΕΠΙΑΣΕ ΔΟΥΛΕΙΑ! ΚΑΙ ΓΑΜΙΟΤΑΝΕ! ΚΑΙ ΞΕΣΚΙΖΟΤΑΝΕ! ΚΑΙ ΕΚΑΝΕ ΠΑΙΔΙΑ Σ' ΟΛΟ ΤΟΝ ΠΕΙΡΑΙΑ! ΕΣΑΣ ΤΑ ΜΠΑΣΤΑΡΔΑ! ΝΑΥΤΗΣ Ο ΜΠΑΜΠΑΣ, ΠΟΥΤΑΝΑ Η ΜΑΜΑ!",0
9737,Πετσόκοψε Κάτια ο Μπράτης; #gntmgr,0
8766,#gntmgr αυτός είναι το πρωί μάστορας το βράδυ πεταλούδα,0
1742,@USER Ακόμη να παρετηθείς; Τελικά είσαι χειρότερος και από τους μεγαλύτερους πολιτικάντηδες..,0
4854,"Θίχτηκε η Σουζάνα για την φίλη της. Όταν κορόιδευαν την Γκλόρια για το ύψος της μέσα στα μούτρα της, έκανε γελακια. #gntmgr",0
6437,"Μαγκυ Χαραλαμπιδου, ο Εθνικος μας κωλος ρε! #kalytera",1
8866,Ασημινα αγαπη μοιαζεις με γάιδαρο. 27 εισαι οχι 17. Πανε σπιτι #GNTMgr,0
400,@USER Χατζηνικολάου ξεφυγες . Θέλει η πουτανα να κρυφτεί και η χαρά δεν την αφήνει.,1
2784,Πάλι η Βούλτεψη στα κανάλια γαμώ την πουτάνα μου και το λέω εγώ που ψηφίζω δεξιά με σιχάθηκα τώρα,1
651,"Συγνώμη γιατί κράζετε μόνο τη Μάρθα; Ούτε ο Φώτης μιλάει, ούτε η Κάτια αφού γνωρίζουν #gynaikaxwrisonoma",0
1599,@USER Εισαι σε καλό δρόμο! Εχω ελπίδες για σένα! Καλημέρα!,0
2998,@USER φωνή βοώντος εν τη ερημω είσαι ρε σκωληξ Respect ρε,0
2443,"@USER Από την Αρχαία Αθήνα έως σήμερα, πες μου πότε έχει εκλεγεί από τον όχλο ο Άριστος. Αυτό το κΥνοβολευτικό σύστημα θα το αποτεφρώσουμε και η σκόνη του θα εξανεμιστεί. Να είσαι σίγουρος ότι την ώρα της κρίσης κανένα κομματόσκυλο δε θα προτάξει τα στήθια του...",0
6405,Θα την φανε την κουτουλια με τα κερατα και θα τους γινει το αιδοίο κόσκινο #gntmgr,0
2830,#survivorGR κυριακο εισαι υπουλος κ φαινεται,0
8349,Αυτος ο τασος την εχει δει ξερξης σημερα #gntmgr,0
788,"@USER Οχι καλε.Χαρακτηρισε μονο ωραιο γκομενακι μια γυναικα.Φανταζομαι ετσι θελεις να μιλουν κ για τη μανα σου,την αδερφή σου ή τη γυναίκα σου",0
5638,"#TheVoiceGR ό,τι να ναι η κοπελιά. Άμα ήσουν καλή και το ήθελες πολύ θα έμπαινες κάπου για μουσικές σπουδές. Αντί αυτού πήγε για βρεφονηπιοκομος αλλά δουλεύει στα διόδια (το οποίο το είπε με κάποια απαξίωση)",0
4379,@USER Πραγματικα ποσο τιποτενιος χαρακτηρας εισαι;,0
1608,Μωρή κατιναρα Λίλιαν κόψε αυτά τα ειρωνικά σχόλια γιατί θα σε περιλάβει η Κάτια #GynaikaXwrisOnoma,1
6715,Πιαστε τα και δωστε τα στις ηλιθιες να ηρεμησουν τα γλυκα.μου! #gntmgr,0
8798,#GNTMgr Έτσι είναι Κάτια μού όταν κάνουμε μαλακια το παίζουμε κινέζοι αφού δεν έχουμε τα μπαλάκια να πούμε την αλήθεια,0
360,"Ρία,μιά χαρά κοπέλα είσαι!Καλόψυχη,αγωνίστρια κ φιλική με όλους!Να περνάς καλά κ μην ακούς τους φανατίλες εδώ μέσα! #survivorgr",0
1121,"έτσι όπως το έβλεπες το κώμα της #ΝΔ_ξεφτιλες ΄έλεγες τι λίπη, δίπλα απ το #Μπογδανο, τι λίπη, να τι λίπη, οι ""τρίχες"" #Βενιζελος",0
1221,"Όσοι δεν μπήκατε στο ZMAKDOME WORLD INVASION χάσατε τον πιο υπέρτατο κώλο που έχει πατήσει σε Ελληνικό pro-wrestling ring. Και με αυτό εννοώ ότι ήταν τυχεροί οι ξένοι γιατί μας πήραν δυο ζώνες. Αυτό εννοώ με αυτό. Με αυτό, αυτό εννοώ.",0
3269,Λεει η ΔΕΥΤΕΡΗ του #masterchefgr! Ειμαι νικητρια! απλα δεν πηρα τον τιτλο-το επαθλο-τα χρηματα-τη φημη-τη δοξα............τα νευρα μου τα χαπια μου κι ενα ταξι να φυγω!! τι οχι;#MasterChefGR_Xeftiles #Survivorgr #giatiparea #topwino #PowerOfLovegr !,0
3308,@USER Πού κολλάει αυτό ; Είπες ότι η Δαλάκα την διάλεξε και σου εξήγησα πως οι άσπροι την έβαλαν στο μπεστ οφ. Όπως και οι μαύροι την Κατερίνα. Μπορείς απλά να παραδεχτείς το λάθος σου!,0
671,"Αρχίζω να πιστεύω πως σκοτώνει την ελληνική γλώσσα για την προσοχή, δεν μπορεί να είναι τόσο στόκος #shoppingstar",0
539,"-Μόλις μου έστειλε μνμ η κουμπάρα, βγαίνει σήμερα ρντβ με νέο αμόρε. -Πούστης είναι. -Που το ξέρεις εσύ; τον ξέρεις; -Τελικός CL βγαίνει ραντεβού; την σφίγγει δυνατά την γραβάτα σου λέω. #ChampionsLeagueFinal #TOTLIV",0
9109,@USER Ο Κούλης τους έχει γραμμένους.Θέλει τους πρόσφυγες-μετανάστες κ τους μεταφέρει στην ενδοχώρα οχι γιατί τους αγάπησε βέβαια!οικονομικές ζώνες μυρίζει η υπόθεση με μισθούς πείνας δώρο στους αγαπημένους του.ΕΡΧΕΤΑΙ Η ΑΝΑΠΤΥΞΗ,0
10005,"Μαρφίν, 24χρονοι αστυνομικοί αναβοσβήνουν 11 χρόνια, Μάτι, κότερα στην Αίγινα, Κατσίφες, μια Δεξιά να ψάχνει στα απωλεσθέντα για θύματα να χρεώσει μάρτυρες μπας και ισοσκελίσει δολοφονίες, πογκρομ, εξαθλίωση, ράντζα, φακελάκια, Ληστεία. Τι ψηφίσατε μαλακες; Τυμβωρύχους ψηφίσατε",1
5315,#kokkinopotami Αχ βρε Ιφιγένεια,0
790,Έλλη; Αυτό γιατί είσαι πραγματικά για σφαλιάρες! #gynaikaxwrisonoma,0
3291,@USER επικοδομητικό θέλεις; αμέσως: σάλτα και γαμήσου τρολάκι με τις παπαριές που σας μοιράζει η υπόγα της κουμουνδούρου.,1
2961,"Η χρήσεις αλκοόλ και απαγορευμένων ουσιών το ίδιο και το αυτό με τις σκέψεις ενός μυαλού κολλημένο σε μια απίστευτη πουτανα που όλοι λατρέψαμε όλοι κακιά στιγμή ερωτευτήκαμε κ ψάχνουμε να βρούμε την ηρεμία .,η αυτή ,.η τα ξύδια",1
4337,"@USER Ε ναι ,δημόσιας τάξης η ακόμα καλύτερα,,,,εθνικής άμυνας ️θα ζήσουμε μεγάλες στιγμές,, δυστυχώς,με τους μαλακές που έχουν το ίδιο δικαίωμα ψήφου με μας",1
8357,Aυτο που ολοι απο μικροι θελουν να γινουν τραγουδιστες-ηθοποιοι-μοντελα....και εχουν αρχειο με παιδικες φοτο με μουσικα οργανα-μικροφωνα-στεμματα κλπ! τι πρωτοτυπο! #TheVoiceGR,0
998,Σαν ξυλαγγουρο περπαταει με τα πεδιλα....#shoppingstar,0
5010,@USER Η πραγματικοτητα έει ότι οι γυναίκες όπως κ οι άντρες κάνουν σεξ επειδή το ευχαριστιουνται Πιθανότατα όχι όταν το κάνουν με εσένα αλλά αυτή είναι μια άλλη κουβέντα,0
5049,Τολμας να εχεις αποψh γεροντοκορη Παπανωτα για τις μητερες που μεγαλωνουν μονες τα παιδια τους αν τους επιτρεπετε να βγαινουν εξω η οχι γιατι δεν ρωτας καλυτερα το διπλανο σου πως ειναι ο πατερας του Σαββατοκυριακου#eutixeite σκασμος! #mesimeri_skai #toprwino #shoppingstar,0
5512,Μίλτο μαλακίζεσαι σαν τον Ζαχάρωφ #kokkinopotami,0
10279,Εν τω μεταξύ χθες διάβαζα ένα άρθρο που έλεγε πως το ποσοστό επιτυχίας των ανώνυμων αλκοολικών είναι 5-10%. Δεν είναι όλες οι μέθοδοι για όλους. #erwtasmeta,0
9693,τι μαλακίες είναι αυτές #GNTMgr,1
884,@USER Καλημερα ..σε ευχαριστω για τα καλα σου λογια..παντα καλα με τα αγαπημενα σου προσωπα και παντα με υγεια και χαρα να εισαι..,0
1723,Ρεγγίνα και από μένα #poweroflovegr,0
9975,Μαζωχτειτε ψυχουλινια! Σημερα έχει μαγικά! #GNTMgr,0
8622,Δηλαδή άμα έβαλες ρε Δέσποινα σήμερα αυτό στον Τελικό τι θα βάλεις θα μας τρελάνεις θεότητα #XFactorGR,0
5675,Εγώ την υψηλή ραπτική την ξέρω από παλιά. Καθόμασταν στο διπλανό θρανίο #GNTMgr,0
4346,@USER Έλα ρε είσαι υπερβολικός. Οκ κάποια από τα επεισόδια της 8ης ήταν τραβηγμένα από τα μαλλιά αλλά το τελευταίο επεισόδιο με άφησε παγωτό.,0
5745,"Ο πιο κερδισμένος απόψε ήταν ο τυπάκος που τις έντυσε με το χαμόγελο, και όχι μόνο, μέχρι τ' αυτιά #gntmgr",0
8196,"Αμανατιδου : ""Πουλο τωρα"" #Gntmgr",1
7271,"Μωρή Ανέτ,με συγκινησες! #AgriesMelisses",1
5921,Ρε κορίτσια ένα καλτσακι ... Κρίμα τα παπούτσια #gntmgr,0
958,δε εχει φιλησει ποτε ποδιες δε καθεται να γλυψει κανεναν ο μπιλ μονο δημοσιογραφους γλειφει καλε για βγει ΝΤΑΝΟΣΣ σε ποιο ουρανιο και τοξοοο #bill_xeftla #poweroflovegr,0
4416,Τι είπε το σίχαμα ο Κυριάκος πάλι! Εεεε τότε τι πηγές ρε οικογενειάρχη κ παρατήσεις το παιδί σου! Για να σε βλέπουν να παίζεις τάβλι #SurvivorGr,0
979,@USER Ψοφα,1
924,Όσο διοξείδιο και να βάλεις στο τιτάνιο Το μεγαλείο του λευκού Τιτανίου δεν το κερδίζεις με τίποτα #masterchefgr_xeftiles #MasterChefGR,0
470,"Υπάρχει το αντίθετο του “starstruck”; Δηλαδή η στιγμή που συνειδητοποιείς πως είσαι δημοφιλής ; Πήγα να δώσω εξετάσεις για ECDL και παλικάρι στην υποδοχή με ρωτάει «είσαι ο Κωνσταντίνος από το @USER ;» Ναι, λίγο σκάλωσα αλλά νομίζω το διαχειρίστηκα μια χαρά",0
3732,"@USER Εσύ αδικείσαι ρε φίλε και να κάνεις δικό σου απο-κομμα,θα πας καλά!Αν πάντως ήξερες τι συμβολίζει ο μαιανδρος δεν θα πετούσες αυτές τις μπαρούφες,οπότε κάτσε στην νΔούλα περίμενε απ'αυτους που κατέστρεψαν την Ελλάδα να γίνουν εκείνοι που θα την σώσουν.. #ΝΔ_ξεφτιλες",0
6124,@USER βρήκε γκόμενα. τόσο τρομερό πράγμα έκανε. και μάλλον μερικοί/μερικές προσλήφθηκαν ως τσολιάδες στ'αρχίδια του Κιάνου για να κάνουν κουμάντο,1
1390,"τωρα που λάκισε ο #Βενιζελος, λογικά θα κατεβεί ο #βελόπουλος στις εκλογές #ΝΔ_ξεφτιλες #ΚΙΝΑΛ",0
363,Η τερζο ξυπνά έχεις πέσει πολύ χαμηλά #PowerofLoveGR,0
4021,"@USER εισαι σοβαρη; ψηφισαν τον τσιπρα για να αλλαξει την ελλαδα και εχει καταντησει ΔΕΥΤΕΡΟ ΠΑΣΟΚ κανει ακριβως τα ιδια οπως το πασοκ του 1980-2000 που κατεστρεψε την ελλαδα, απορροψηφσε ολους τους αποτυχημενους πασοκους και τον δικαιολογεις; δεν εφερε ΤΠΤ το καινουριο στην Ελλαδα!",0
9609,Κάτια ποιος σε μεγαλωσε ; τι αντιληψεις ειναι αυτες! #gntmgr,0
1259,"Κουράδες που νομίζουν ότι είναι κάτι και βρίζουν μάνες, έχουμε και από αυτά τα σκουπίδια. Πάνε ψόφα ρε κακομοίρη.",0
5162,Κουράστηκε λέει....γεράματα θα είναι #GNTMgr,0
453,για τον πουτσο λαος για τον πουτσο κομματοσκυλα να τα λεμε κι αυτα,1
6912,"""Άννα για 2η φορά σε ποιο ουράνιο και τόξο "" Μαρία #gntmgr",0
6349,κλασικός φασίστας πάντα η θα το ρίχνει στο σεξουαλικό- σεξιστικό αίτιο και πάντα θα έχει δουλειά για τους άλλους... Αυτός να κάνει κάτι ακ8μα δεν έχει κέρδος δεν υπάρχει περίπτωση....,0
2734,"@USER Εντυπωσιαστηκα κ τ σχολιασα τ οτι οι μαυροι δεν τ εδωσαν λιγες καραμελες κ λιγη σοκολατα ακριβως ΕΠΕΙΔΗ ΕΙΝΑΙ ΟΙ ΜΑΥΡΟΙ (αν κ απο οτι διαβαζω εδω, μαλλον δεν εγινε ετσι κ τους εδωσαν τελικα) αν ηταν οι ασπροι θ μ φαινοταν απολυτα φυσιολογικο! Μπορα ειναι αυτος κ τ σακια δεμενα",0
9462,@USER Σε κάποια χρόνια θα μαλώνετε σε φανάρι της Συγγρού και θα σου πει άντε μωρη γιαγια μου θες και αμάξι,1
7441,"Μαρία σαν μοντέλο δεν μου αρέσεις, αλλά φιλενάδα κουβεντα και ατάκα! #gntm #GNTMgr",0
3600,"@USER Κάθε νέα σου χρόνια, να είναι καλύτερη από την προηγούμενη, με πιο πολλή υγεία και πιο πολλή χαρά στην ζωή σου... Να τα εκατοστήσεις και να είσαι πάντα γερή! Χρόνια σου πολλά!",0
1656,"@USER Α, καλα ναι. Το είπα επειδή ο Μπουμπης πιο κάτω στα σχόλια ειπε ""αν ΕΙΣΑΙ μποτ..."", αρχικά νομιζα ότι κάπου σε ανέφεραν. Θα είχε πολύ γέλιο",0
3728,Μην σταματάς να είσαι ο εαυτός σου. Βέβαια αν είσαι μαλακας καλύτερα να μην είσαι ο εαυτός σου,1
7402,Αν στις 2 ώρες που παιζόταν ειμασταν καταμπερδεμενοι με την υπόθεση πιστεύετε ότι στη 1 ώρα τώρα θα καταλάβουμε τίποτα; #erwtasmeta,0
2187,@USER Ιιιιιι και συ να είσαι καλααα,0
8821,Δημητριάδος Ιγνάτιος υπερ της αλλοίωσης τηςΠατριδος!: Όποιος δεν προσφέρει βοήθεια σε πρόσφυγες δεν είναι ούτε Έλληνας ούτε Χριστιανός! Ωραίο το λογοπαίγνιο με τους πρόσφυγες αλλά μάλλόν δεν γνωρίζει τον ορισμό του πρόσφυγα!,0
2621,@USER Αν Οκτώβρη έχουμε το ίδιο αποτέλεσμα το θέμα θα λήξει. Η δημοκρατία και η δικαιοσύνη θα λάμψουν,0
8550,"Η ξεφτιλα σε ολο της το μεγαλειο!γλυφτες της 13 που τον κρατανε απ τ αρχιδια να μη φυγει κ αυτος κ αφανιστουν απο προσωπου γης! Ξεφτιλα ομαδα,ρουφιανος λαος ενας ειναι ο φαπαναθηναικος",1
1571,@USER Ε πες 48 να είσαι μέσα,0
519,Συγγνώμη ξέχασα. Είσαι ξεχωριστός. Όχι δεν είσαι. Είσαι διαφορετικός. Όχι ξεχωριστός. Τουλάχιστον με την έννοια που πιστεύεις.,0
8320,Βρε τρελοπαιδο χαρά γεμάτο είσαι καλά; Τα χάπια σου τα πήρες το κατάλαβα έχεις διάθεση για μαλακίες. Ο Πάιατ κάνει την δουλειά του βρε μαλακισμενο εσύ κάνεις την δουλειά σου σαν Έλληνας που σου αρέσουν και τα Αρχαία ονόματα; Εσείς βάλατε την ταφόπλακα στον τάφο μας.Κριμα Αισχος,1
4304,"@USER Είσαι δυνατός εσύ, θα τα καταφέρεις να ξανασηκωθείς! Να είναι περαστικά και γρήγορα!",0
7654,Αχ αυτή η κρητική προφορά αχ! #TheVoiceGR,0
3134,@USER Επιεικώς ΕΊΣΑΙ ΠΟΛΥ ΓΕΛΟΊΟΣ,0
2858,@USER Τους τσούζει που είναι παιχτουρα και αυτοί παλτά!Πιο ξεφτίλες πεθαίνεις!,1
5273,Η Αννα Μαρια ξεκινησε απο ησυχο κοριτσακι σε θεαρα που εκφραζει ολο το τουιτερ! #gntmgr,0
4875,@USER Τράβα γαμησου ρε σίχαμα που θα πιάσεις στο στόμα σου τον πριντεζη,1
39,@USER θα είσαι το επίκεντρο εεεε! Όχι εντάξει τότε 3-4 ποτηράκι το πολύ. ξηρό χαχαχαχα και φαγητό ταυτόχρονα,0
9081,Η Σουζάνα τώρα #gntmgr,0
7669,Αχ κάνουνε φωτογράφηση για την υπεραλίευση ε; στη Μύκονο θα κουμπώσουν δλδ αντίδια και μπρόκολο όποια πάει; #gntmgr,0
9044,Η Ασημινα την παλευει; Γενικα; #gntmgr,0
2153,@USER Εσύ που είσαι βρε;,0
1054,@USER Στο διάολο θα πάτε όλοι σας σύντομα,1
9859,Οικονομική σειρά του Μπράτη. Ένα παντελόνι απλό μόνο 299€. Με έκπτωση για την Κερά Βίκυ στα 290€. #gntmgr,0
2170,"@USER Η αλήθεια δε κρύβεται , είσαι μανάρι λεμε.",0
7001,@USER τιποτα! Ολο δικο της ηταν! πρεπει να ειδε αστερακια! Ελπιζουμε σε αντιστροφη ρολων στο μελλον! #erwtasmeta,0
6716,@USER Ευκαιρία αυστηρά μια. Κατά τα άλλα μαλακες είναι όλοι σε κάποια στιγμή της σχέσης,1
1321,@USER #ερχεται_πουτσα στα σπερματοζωάρια θα κολλήσουμε κυρ Σταυρακα ;,0
7687,ΜΑΣ ΨΕΚΑΖΟΥΝΕ ΧΑΧΑΧΑ #kalytera,0
7146,"το κονσεπτ σήμερα στο #gntmgr είναι: ""Πουτ δε κοτ νταν σλοουλι""",0
1684,@USER Σε παραδέχομαι γιατί όντας υποψήφιος άλλου κόμματος είσαι δίκαιος.,0
202,"ΣΚΑΤΑ ΣΤΑ ΜΟΥΤΡΑ ΣΟΥ ΜΩΡΗ ΛΙΛΙΑΝ, ΟΛΟ ΔΙΚΑΙΟΛΟΓΙΕΣ ΨΑΧΝΕΙΣ #GynaikaXwrisOnoma",1
6310,"@USER Καλά έβαζε κάτω γυναίκες με τα μισά της χρόνια!.... Θυμάστε πως την κατάντησε ο ""αλήτης"" όταν ήταν στο παιχνίδι; .... Εδώ εμείς στεναχωριόμασταν για πάρτη του, πόσο μάλλον εκείνη!",0
6922,Οπως δε γουσταρουμε οι γυναικες να απλωνει ο καθε ασχετος χερι πανω μας το ιδιο ισχυει και στους αντρες! Ακους Αντα...#shoppingstar,0
5369,@USER Καλο μουνι και του λογου της,1
1429,Τους αληθινούς ανθρώπους τους στέλνει ο Θεός. Τους αληθινούς άντρες η μοίρα»,0
4176,"@USER Παιδγειά, στο μίξερ τα βάλατε τα ""μυαλά"" σας; Ο Τσίπρας σας κονόμησε από τις χουντοδραχμές και πολεμά την ακροδεξιάχαχαχαχαχαχα αλλά εμείς είμαστε ίδιοι με τα χρυσαύγουλα. Με μέτρο τους μπαφους παιδιά. #χουντοτραφης #syriza_xeftiles #ερχεται_ΠΟΥΤΣΑ Ζαίοι",0
4965,@USER Έλα μωρή γαλοπούλα,1
4690,"Το Χωνί μάλλον είσαι εσυ @USER , εγώ να ξέρεις δεν υιοθετώ σεξουαλικα υποννουμενα",0
663,"@USER Μην μπλέκεις με τέτοια πράγματα ρε μπουμπι, μικρός είσαι ακόμα άσε την μανούλα ξέρει καλύτερα",0
7006,Μην ξεχασετε στους τιτλους τελους να γραψετε! κανενα πουλερικο δεν κακοποιηθηκε! τρομαρα σας! #gntmgr,0
5196,Τι λέει ο προδότης; Θέλει κρεμάλα. Στον διάολο εσύ και όλο σου το σόι Ανθελληνα που θα αποφασίσεις τι θα γίνει στην Κύπρο μας. Κοίτα σε τι χάλια μας φέρατε το ίδιο θέλετε και την Κύπρο; Τόσο Τουρκολαγνοι; Που είσασταν βρε ρεμαλια; Αλλά λέγατε. Θα σας πάρουμε με τις πέτρες,1
8255,"Ένας ένας ξεπροβάλουν οι ""μελλοντικοί"" αγανακτισμένοι, πρώην άριστοι και προδομένοι σανοφάγοι.. #ΝΔ_θελατε #ΝΔ_ξεφτιλες #ΝΔ_απατεωνες #κυβερνηση_τσιρκο #κυβερνηση_Μητσοτακη",0
7816,"Α είναι κ τα Γιαννιτσα που από τα λικνα του πολιτισμού είναι το πιο λίκνο,δηλαδή πιο λίκνο δε γίνεται,ρωτάς πχ θέλω ένα πιο λίκνο από τα Γιαννιτσα σου λένε Όχι λυπάμαι δεν υπάρχει",0
9774,"-Και δεν χτυπάει το τηλέφωνο,με πνίγει το παραπονοοοο -Το χεις κλειστό μωρή ηλιθια",1
236,Εν τω μεταξυ μαλακια της της Τουμασατου. Τωρα θα μπλεξει το Μαρινιω. #GynaikaXwrisOnoma,0
6921,"Η επόμενη φωτογράφιση θέλω να είναι με γιδια και μουσική υπόκρουση Έφη Θώδη να λέει ""μπήκαν μωρέ μπήκαν τα γίδια στο μαντρί"" #gntmgr #gntm",0
3834,"@USER 17νοεβρη ,πυρηνες της πουστιας , αναρχο-πουστρονια , εξαρχια , ρωμανοι , μπουφοντινες , ρουβικωνες ΟΛΟΙ.... Φασιστες ! Μονο εσυ εισαι σκατοκουΜΟΥΝΙ Λοβερδο μπαγλαμα...να καλυψεις την ""μητρα"" που σε εφερε στην πολιτικη θελεις , αλλα ΔΕΝ γινεται Η αριστερα γεναει δολοφονους",0
6555,Πόσο φιλότιμους φολοουερς έχω . Με συγκινησατε . Τόσο στα αρχιδια τους ολοι,1
5908,Η Κάτια : #gntmgr,0
5060,"@USER δεν βρίσκομαι καν σε αυτή την λούπα. Η γυναίκα που συγκρίνει το αγόρι της με άλλους βρίσκεται συνέχεια σε αυτή την λούπα. Επειδή έβαλες την Μελάνια ως παράδειγμα κ αυτή συγκρίνει τον Τραμπ με άλλους άνδρες συνέχεια, αλλά δεν τον χωρίζει γιατί δεν ξέρει που θα βρει αλλού καλύτερα.",0
6367,ΕΧΑΣΑ ΑΠΟΧΩΡΗΣΗ ΣΟΥΖΑΝΑΣ;ΤΗΝ ΜΙΑ ΦΟΡΑ ΠΟΥ ΔΕΝ ΕΙΔΑ;FUCK OFF #gntmgr,0
5202,Καλα Αννα-Μαρια κανε ονειρα. Σιγα μη μεινεις με τον Τασο οταν βγεις #GNTMgr,0
353,"Είσαι σοβαρος μωρε;....Είσαι αρχηγός της ΕΛΑΣ και πήγες , μωρέ, σε συγκέντρωση του Τσίπρα ;... Η φωτό ειναι αληθινή;... ΕΙΣΤΕ ΜΕ ΤΑ ΚΑΛΑ ΣΑΣ , ΚΑΙ ΕΣΥ ΚΙ ΑΥΤΟΣ ;",0
3881,"@USER Βρε ηλίθιε υπάλληλε Περιφέρειας Αττικής,άντε πες δε φταίει για τπτ η μαλάκω που υπερασπίζεσαι.Από ευθιξία και μόνο, έπρεπε να παραιτηθεί.ΤΕΛΟΣ.Αυτό το τσοκαρο για το οποίο κόπτεσαι να ξαναβγεί, έλεγε για στραβές στη βάρδιά της.Πόσο μαλάκας είσαι κ δε βλέπεις πέρα από το μισθό σου",1
4292,"@USER Να είσαι γερή, να απολαμβάνεις το ταξίδι και νσ ξεπερνάς τις όποιες δυσκολίες του",0
6224,"Τι νούμερο παπουτσι φοράει η Ιλντα, 48; #gntmgr",0
7604,"Μην τα λέω εγώ. Παρόλα αυτά τι γίνεται όταν δε δέχονται τη βοήθεια μας επειδή δεν είμαστε μουσουλμάνοι; Στα παιδιά κ τις γυναίκες άντε, προσφέρεις παιδεία κ εκπαίδευση, στους άντρες ομως που είναι ανειδίκευτοι χωρίς επαφή με την πραγματικότητα που είναι βίαιοι κ κακοποιοί;",0
3582,@USER Όταν γίνεσαι ρόμπα αλλά είσαι κ ετοιμόλογος,0
6675,"""Όχι φόβος. Ο φόβος είναι το μονοπάτι προς την σκοτεινή πλευρά. Ο φόβος οδηγεί στο θυμό. Ο θυμός οδηγεί στο μίσος. Το μίσος οδηγεί στα δεινά"" Το να φοβόμαστε τους πρόσφυγες τους μετανάστες να επιθυμούμε να τους προκαλούμε φόβο μόνο καταστροφή μπορεί να φέρει.",0
7073,Την προηγούμενη βδομάδα το # ήταν γεμάτο τσόντες τώρα είναι γεμάτο με K-pop βιντεακια.. #gntmgr,0
169,κομμουνίστρια γιατρέσσα ντύθηκε; #shoppingstar,0
2101,@USER Μπορεί να γίνεται και επίτηδες....σε pc είσαι;,0
5328,Η παραγωγή πλήρωσε αδρά για το ξενοδοχείο στη Μύκονο .... #gntmgr,0
4648,Αναλύουμε σα μαλάκες την αποχώρηση Βαρέλα για να μείνει τελικά στον ΠΑΟΚ,1
1648,@USER Ο γιος του ανέμου είσαι δεν προλάβαμε να κάνουμε τιποτα,0
3653,@USER Αντε γαμησου παλιοπουσταρα.Ευχαριστω,1
3261,"Μεγάλα πουλιά, μαμούνες, μπάμιες... πχιότητα στην ελληνική τιβί #giatinparea",0
2571,@USER Εσύ είσαι ΑΝΤΡΑΣ όμως η ΚΟΛΩΝΑ του σπιτιού.. (Θύμισε μου λίγο τι είχε η προηγούμενη φωτό προφίλ ),0
9395,Ποιος είναι πιο πορτοκαλί; #GNTMgr,0
1477,Ουυυ τον αγεωγραφητο ξεφτίλα!,1
1737,Φεύγει και η Ρία. Θα τελειώσει τελικά το έργο; #GynaikaXwrisOnoma,0
5404,Ο άλλος μου έστειλε ότι αν θέλω να βρω γκόμενο να αδυνατίσω και να μην σας πρήζω τα αρχίδια. Και μέχρι τότε ρε φίλε που θα γκρινιάζω εγώ; Άνιωθοι ε άνιωθοι,1
8735,πολύ τα βαριέμαι αυτά. Πότε θα ξεκινήσουν να μαλώνουν; #GNTMgr,0
7174,Αν στα τριάντα προσπαθείς να συναγωνιστεις 18χρονα και χάνεις κιόλας κάτι κάνεις λάθος Ασημίνα και αυτό ισχύει και για τα δύο φύλα σε όλους τους κλάδους #gntmgr,0
9317,"@USER Εγώ κατάλαβα,ότι νομίζει ότι θα τον παντρέψουν με το ζόρι τον ζάβλακα με κάποια αλλοδαπή.Πες του ότι δεν κινδυνεύει ο μαλάκας.Ούτε ρακούν σε απόγνωση δεν θα πήγαινε μαζί του.",1
9784,@USER Δεν έχω χρόνο για τους μαλάκες. Ετοιμάζω το black friday.,1
1575,Αλέξανδρος Πετρίδης ΘΕΟΣ #giatinparea,0
3884,"@USER ειναι! ειχα γελάσει τόσο, το ξαναβαζω και το ξαναβλεπω κατα καιρούς. ε τώρα δεν ξερω αν πρεπει να συνεχίσω να προτείνω, εισαι τζακπότ στο τζοκερ αχαχαχ",0
1290,"@USER Ειναι πολύ προοδευτικό το να είσαι ανίκος να διαχειριστεις μια κρίση στν Περιφερεια σ(Μάτι, Μανδρα) και να κρύβεις νεκρούς επειτα απο την τραγωδι ενω πανω απο τα νεκρούς να κάνεις προεκλογικα σποτακια βεβηλωνοντας τη μνημη τους #siriza_kseftiles #EUelections2019 #ευρωεκλογες2019",0
9515,"Η μία είναι εκτός κονσεπτ, η άλλη 12 φωτογραφίσεις χάλια και τελικά φεύγει η Όλγα. Μάλιστα #gntmgr",0
9032,Αυτά που γίνονται στην Ελλάδα δεν είναι τίποτα άλλο από την επιχείρηση ΑΠΟΔΟΜΗΣΗΣ του Ελληνισμού της Ορθόδοξης Χριστιανικής Θρησκείας μας επειδή είμαστε το κέντρο της Από την μια οι Φράγκοι(1204) από την άλλη οι Τούρκοι(1453) Ποτέ δεν σταμάτησαν αυτά,0
1929,@USER θεός είσαι... κι ας συμφωνώ με τον Μαργαριτη,0
9096,"Αυτό που μπήκε και βγήκε η Σουζάνα τόσο γρήγορα, το έχετε πάθει και σε σχέση #gntmgr",0
2315,"κοροιδευετε τον #βελοπουλος. τοτε ομως που εβγαλε τις επιστολες του Ιησου ηταν κομματικο στελεχος της #ΝΔ_ξεφτιλες! ετσι φατε τη φαπα τωρα, να σκασετε και να μαθετε να ψαχνετε πρωτου αμφισβητησετε.",0
4087,#Hepistrofi Aφιερωμενο σε Βικαρα και κατια (#gynaikaxwrisonoma),0
4543,"@USER μα δεν είπα ότι το 'πούστης' είναι οκ να λέγεται, ειδικά αυτή η λέξη που έχει χρησιμοποιηθεί κατά κόρον ως προσβολή για κάποιον που είναι ομοφυλόφιλος, το 'πούστης' είναι ομοφοβικό και τα 'πουτάνα', 'τσούλα' μισογυνιστικα, το μαλάκας δεν έχει καμία σχέση",1
5639,Θέλει να τον κάψει τον μικρό η δικηγόρος #erwtasmeta,0
5275,Ωχ! Έψαχνα κάτι για το voice κι έπεσα πάνω στη σωσία της Βίκυς Χατζηβασιλείου #TheVoiceGR,0
6256,"Όλη σου η ζωή ενα ποτό στον Βέρτη είναι, εσένα και πολλών άλλων κοριτσιών δυστυχώς. #gntmgr",0
467,Μα όλοι οι μαύροι να είναι ΤΟΣΟ νούμερα... Ούτε παραγγελία να τους είχαν κάνει! #survivorgr,0
6561,"@USER αυτη ειναι μια τυπικη, κανονικη γυναικα της διπλανης πορτας",0
7842,«Σαπριιιττσσς κιτς κιτς τα γίδια» ΤΗΝ ΑΓΑΠΩ #gntmgr,0
8577,Πω το επεισόδιο είναι όλο σάλια απόψε.... Εμετος.. #gntmgr,0
3381,#MasterChefGR_Xeftiles Μ'αυτό το καραγκιοζιλίκι την στείλατε τελικο.... ΕΝΟΧΟΙ κ.κ. κριτές! @USER,0
6804,"Σε οσους αντρες λεω οτι κανω αυτη τη δουλεια (ντυνω γδυνω κοριτσια)ολοι μου εχουν πει ""Παρε με κι εμενα βοηθο σου"".#gntmgr",0
1626,@USER Ακόμα εδώ είσαι; Δεν ξεχνώ..,0
5497,Σε ποιο ουράνιο και τόξο λεγεται μπόζα ; #gntmgr,0
8996,"@USER Α δεν ξέρω τι λες εσύ, ο Νότης στο μαγαζί πάντως έλεγε ότι ο άντρας γεννά, η γυναίκα τίκτει.",0
9124,@USER Η χώρα καίγεται με διάφορα θέματα και η σπάτουλα κρατεί δυνατά... μακράν η πιο καλοντυμένη όλοι περίμεναν του Κούλη την γυναίκα να τους ξεβλαχέψει,0
6348,Δε σας χάλασε πουτανες #XANOLY,1
2126,"Μου λεει ο γατος εισαι καλυτερα; οχι του λεω,καλα σε 10 λεπτα θα ρθω να με χτενισεις απανταει",0
7252,#gntmgr Στα μουτρα σας κοριτσια,0
7953,Ο Μάι Γκοντ! Δε ρουμ ιζ μαλακια! #GNTMgr,1
4490,"@USER Ποια Lina Greek και αηδίες ρε, είσαι η Καταλίνα Γκρικόροβα της Κα Γκε Μπε και σε ψάχνουμε, αλλιώς σκευωρία-μήνυση-παραγραφή, διάλεξε",0
6616,Εμετική ασημίνα #gntmgr,1
6903,Ο Σκουλος εχει φτασει σε σημειο ακομα και οταν κραζει την Σουζανα να με νευριαζει! #GNTMgr,0
2402,Μαδησανε τα κροσιά! #shoppingstar,0
993,Οκάι σε αγαπάμεεεεεε! Είσαι σε λάθος ομάδα γμτ #survivorgr,0
2658,Είπα δεν θα βρίσω αλλά μωρή δαλακα ΣΚΑΣΕΕΕΕΕ είσαι και αθλήτρια γαμω το αθλητικό σου ιδεώδες πατσολα.... #survivorGR,1
4073,"@USER Μιλάς εσυ ο Μίκυ Μαους για γελοιότητες ; Ούτε καν το θάρρος να μιλας χώρις να κρύβεσαι δεν έχεις ... ένα άβουλο ηλιθιο παπαγαλάκι που πληρώνεσε να καλύπτεις τον κάθε αλήτη και αχρειο , μέλος του βρωμικου συστήματος είσαι ηλίθιε",0
7872,Γιατι δεν βλεπω τα τουιτ μου στο χαστανγκ #kalytera ;Ποια αορατη δυναμη τα εξαφανιζει;,0
2318,Κακό βάψιμο και βαρύ χωρίς λόγο #shoppingstar,0
2448,@USER άντε γαμήσου ξερατό.,1
3343,Έξι εκατομμύρια χρόνια μετά μπορεί να το δούμε και στο Greece .... #paobc #paofc #mexritelous #Συριζα_Ξεφτιλες #ΝΔ_ξεφτιλες #Πασοκ_Ξεφτιλες #MasterChefGR #Survivor,0
6735,"Καλέ, τι μαλλί είναι αυτό;! #TheVoiceGR",0
5452,"""Μπράβο"" της λένε οι Τούρκοι, για το ρεπορτάζ με το οποίο τους εκθειάζει, καταγγέλλοντας την Ελλάδα...",0
2418,"@USER Είσαι τελικά από αυτό που λες mate ,bro και καλό παιδί και ας μην αφήνεις και καμιά γκόμενα για εμάς",0
2590,"@USER αν το κάνει έτσι κάθε φορά που βάφεται, σε 5 χρόνια θα έχει περισσότερες ρυτίδες και απο την τσαλακωμένη καπαρντίνα που έδειξε πρίν! #shoppingstar",0
932,Η Λουκά των Ζαίων. Ατέλειωτα ρε πούστη μου είναι τα ληγμένα στο Σύριζα; #ερχεται_ΠΟΥΤΣΑ #ερχεται_ΚΑΡΑΠΟΥΤΣΑ,0
6221,Ο μπρατης είπε να μην κάτσουν καθόλου φορώντας τα ρούχα και η Κάτια έκατσε κανονικότητα! Από σεβασμό πάντα #GNTMgr,0
3012,#skaipolxeftiles Βασίλη φύγε αγόρι μου άμα δεν μπορείς δεν είσαι εκεί με το ζόρι. ...,0
2914,#survivorgr #survivor2019 χανεις κερδισεις εισαι απολαυση !,0
9773,Οχι κούκλα μου απο μένα ειναι οχι! Μου θες και Shakira #XFactorGR,0
6590,"Έγκυες γυναίκες πρέπει να τρώνε στη μάπα τον καπνό του κάθε ηλίθιου, άνθρωποι με αναπνευστικά προβλήματα το ίδιο, άτομα με πρόβλημα στα μάτια επίσης, παιδιά τρώνε μέσα σε σύννεφα καπνού αλλά είναι φασισμός η απαγόρευση του καπνίσματος. Γενικά πάτε με τα σωστά σας;",0
3242,Γιατί οι γυναίκες είναι πιο χαρούμενες όταν είναι single; -,0
8471,Άκουσα τον ΓΑΠ που έδινε τα εύσημα στους Κινέζους που επένδυσαν στη χώρα μας. Ξέχασε μάλλον ο μαλάκας τότε που πήγαινε κ διαδήλωνε κατά της πώλησης του λιμανιού στην Cosco κ έβγαινε με δάκρυα στα μάτια,1
4948,Τσικι τσικι τελειώνετε ομως να βγαλουμε νικητή Γρόση γιατι κουράσατε παααααρα πολυ! #XFactorGR,0
3296,"αλίμονο στην Ελλάδα αν ξαναβγούν, τώρα, που διαπίστωσαν πως ό,τι και να κάνουν δε θα τιμωρηθούν ούτε από την δικαιοσύνη, ούτε από τον λαό....#Ευρωεκλογες2019",0
4269,@USER Ο ηλίθιος ο Μητσος λέει ηλιθιότητες και τις ακούς εσυ.Ακομη δε διαβάζεις και μένα και διαπιστώνεις ποσό ηλίθιος είσαι για τις ηλιθιότητες που λέει ο Κουλης σου,1
7944,"@USER ρε θυμασαι καπου πιναμε καφε κ ηταν ενα δυο μικρα π καναν σκεητ μπροστα ταχανε κανει μουνι ολα,φασαρια κακο κ το συζηταγαμε μιση ωρα κ δεν ειχαμε πει τιποτα, οπως κ κανεις.Τελικα ειπε ενας ηλικιωμενος κατι στα παιδακια κ τελειωσε.Ελλαδα θ ειχαν απ το 1ο σεκ πιαστει ολοι μ ολους",1
1711,@USER Ισχύει. Ποτέ να μη τσακώνεσαι με γυναίκες. Μόνο στο ίντερνετ και πάλι θέλει προσοχή.,0
2323,"@USER Βρε μαζί δεν ήσασταν κυβέρνηση; Συγνώμη για τη γλώσσα αλλά επιτέλους, για πόσο μαλακές μας περνάτε; Αλλά δε λέγατε και αλλά δεν κάνατε τελικά; Στο όνομα της καρέκλ... ε συγγνώμη της πατρίδος εννοούσα",1
5069,"Ασχετο αλλα εχει ενδιαφερον...#kalytera ,#ΑΣΟΕΕ,#Διαβατα",0
1288,@USER Νίκη είσαι καλύτερη!,0
4587,@USER Να είσαι καλά Πέγκυ μου! Σε ευχαριστώ πολύ! Κ εσύ υγεία κ ότι άλλο επιθυμείς!,0
4555,"#survivorGR Οκάι τι καλό παιδί είσαι εσύ. Τι απίστευτο πλάσμα. Δεν υπάρχουν άνθρωποι σαν εσένα. Και, δυστυχώς, πάλι θα σε βγάλουν υποψήφιο.",0
7827,ΒΑΝΙΑ ΕΣΥ ΕΙΣΑΙ GIGI #kalomesimeraki,0
9372,κ. Μπράτη τι φταίει η Μαρτίνα που η φάτσα της είναι λες και έχει φάει ένα τηγάνι στο πρόσωπο #gntmgr,0
9400,@USER Και ο Δήμαρχος Κω ακροδεξιός φασίστας Δημήτρη;,1
6366,Ασημίνα πότε φεύγεις μωρή #GNTMgr,1
7563,Ωραια κοπελα! Ωραιοι φακοι επαφης! #TheVoiceGR,0
614,"#ΝΔ_ξεφτιλες #Ευρωεκλογες2019 #εκλογες2019 ΝΑΡΚΟΕΜΠΟΡΟΥΣ, ΦΑΣΊΣΤΕΣ, ΕΓΚΛΗΜΑΤΙΚΈΣ ΟΡΓΑΝΩΣΕΙΣ, ΔΟΛΟΦΌΝΟΥΣ, ΞΈΠΛΥΜΑ ΜΑΎΡΟΥ ΧΡΉΜΑΤΟΣ, NOVARTIS, SIEMENS, FINIX, PIRAIKI PATRAIKI, ΥΠΟΒΡΎΧΙΑ, ΜΊΖΕΣ, ΠΛΟΥΤΟΚΡΑΤΙΑ..1981..2014..ΓΙΑ ΟΛΛΑ ΑΥΤΆ ΦΤΑΊΕΙ Ο ΣΎΡΙΖΑ 2014... 2019.. ΓΕΙΆ ΣΟΥ ΕΛΛΆΔΑ.",0
9797,"Το ""συνεβη"" γραφεται με ""η"" μωρε #gntmgr",0
9153,γυναικα χωρις ονομα πολυ εργο λιγες διαφημισεις #agriesmelisses,0
1295,"@USER Το ότι υπάρχουν τέτοιοι δεν πάει να πει ότι είμαστε όλο το ίδιο,εσύ μπορεί να είσαι απ' την Μύκονο τι πάει να πει ; Δεν εκπροσωπώ την Κρήτη εδώ πέρα η καταγωγή μου είναι!Ήρθες τα είπες πήρες την απάντηση σου τα λέμε τώρα !",0
7983,Η ΜΠΑΡΜΠΕΡΙΣΣΑ ΕΙΝΑΙ ΤΡΕΛΟ ΝΑΚΙΜΟΥ! #TheVoiceGR,0
65,"Κουλη,επόμενη πρωθυπουργαρα(φτου κακα)απαιτούμε διαγραφή των δανείων π αδυνατούμε να εξοφλησουμε στις τράπεζες με το επιχείρημα του Μπουμπουκου:για να μπορεί να λειτουργήσει ενα κράτος πρέπει οι πολίτες του να μπορούν να επιβιώσουν #ΝΔ_ξεφτιλες #εκλογες2019 #εκλογές #ekloges2019",0
229,Η Κατερίνα μπήκε στο παιχνίδι κάθε μήνα ήταν με άλλον άντρα κ αυτό που κατάλαβε είναι ότι είναι.. Ευαισθητη #poweroflovegr,0
7242,κατια είσαι πολύ λίγη τελικά... #gntmgr,0
10253,Το ύφος της Άννα-μπανάνα το είδατε κι εσείς; #gntmgr,0
4534,"@USER Ε είδες που είσαι καθυστερημένος; Χεστηκα για τον Λοβέρδο και τον Γεωργιάδη. Την αλήθεια υπερασπίζομαι και περιμένω στοιχεία. Δεν έχεις.- είσαι απλά ένας έμμισθος υπάλληλος, θα τα πούμε με τα αφεντικά σου σε ένα μήνα στις κάλπες.",0
7317,"@USER Ακριβώς, τόση εργαλειοποίηση που αν της αντιτάξεις τη στοιχειώδη λογική, για παράδειγμα έλεγχο μεταναστών ως προς την τέλεση ΠΟΙΝΙΚΩΝ το τονίζω αδικημάτων στις χώρες προέλευσης τους ακούς τη γνωστή επωδό, ""είσαι φασίστας, έτσι;"".",0
6902,#XFactorGR Πόσα εξώγαμα έχει τελικά ο Bruno Mars;,0
1719,Ποιό είναι το θέμα σήμερα; Είμαι στο γραφείο και δεν βλέπω! #shoppingstar,0
6443,@USER Αυτό είναι Κυμα. Κυριάκος Μαλάκας,1
5724,Και ΤΡΩΕΙ ΠΟΛΥ αλλα ΚΑΙ ΕΧΕΙ ΒΑΛΕΙ ΟΓΚΟ στα μπρατσα γυμναζομενος και με χαπακια και ειναι ΑΚΟΜΑ ΜΙΑ ΝΤΟΥΛΑΠΑ απ τις πολλες. #thevoicegr,0
3654,Φημες λενε οτι απο τη χαρα του ο Τερρυ Χρυσος θα βγαλει νεο δισκο! Περηφανε πατερα.. #Ekloges2019 #Ευρωεκλογές #ερχεται_ΠΟΥΤΣΑ,0
3816,@USER Χαχαχ όταν το παρατηρεί ο άντρες μενεις αν όχι κακο τυ κεφαλιού του,0
1755,"@USER Είσαι μειοψηφία αγαπητέ Αντώνη. Η πλειοψηφία επιτίθεται στον λαό ως ""αχάριστο"", ηλίθιο"", ζώα"" κ.λ.π. Αν συνεχίσουν έτσι, ξέρεις το αποτέλεσμα.",0
4014,@USER γιά να έχεις τό κουράγιο νά γράφεις τόσες μαλακίες πρέπει νά είσαι μεγάλο ψώνιο,1
1785,Καλόμαθαν και νομίζουν πως θα ισχύουν και με τα λαμόγια στη κυβέρνηση. Ο άλλος ψήφισε ΝΔ και μετά ρωτούσε αν προλαβαίνει να κάνει αίτηση για επίδομα ενοικίου πριν τις εκλογές. Τη τύφλα τους δε ξέρουν. Μιλάμε ο Κούλης φαίνεται διάνοια μπροστά τους. #εκλογες2019 #ΝΔ_ξεφτιλες,0
9278,ΝΤΡΟΠΗ ΣΑΣ! #mesimeri_skai,0
7938,Και μην ξεσηκωθεί τωρα ολες οι φιλόζωες και κράζετε για τις κότες και τις φραγκόκοτες δεν Παθαίνουν τίποτα. Όλες από χωριό είστε και ξέρετε! #gntmgr,1
2885,@USER δεν εξαγοραζομαστε...δεν ξεχναμε οτι εισαι ψευτης και προδοτης...#ερχεται μαυρο εισαι ανεπιθυμητος,0
680,Δηλαδή οι «γυναίκες» που είναι εκεί είναι όμορφες; Δεν μιλάω για μυαλό... #poweroflovegr,0
6517,Γράψτε στα αρχιδια σας τους ζαιους και φυλάξτε τα σύνορα με κάθε τρόπο,1
1771,@USER Ελα....που είσαι; #ekloges2019,0
9231,"#kalytera Είστε τυχεροί και ευνοημένοι ως ομάδα. Η Γερμανού ξέρει από τηλεόραση, έχει παιδεία και δημοσιογραφική ευγένεια. Πάρτε κανένα μάθημα και αφήστε να μιλά περισσότερο!",0
946,@USER Είσαι σίγουρη; Εδώ είναι η απάντησή σου.,0
7193,Η μάνα της Μαρτινας αντί να μαλώνει με την Σούλα στο ινστα ας δει τι φίδι μεγαλώνει καλύτερα δικό της αποτέλεσμα είναι τούτο το έκτρωμα κοπελιά άνοιξε τα σχόλια στο ινστα εφόσον είσαι τόσο εντάξει και τσαμπουκας και κακο σκυλί και μπλα μπλα μπλα #gntmgr,0
1797,"Αυτό πάλι με Βελόπουλο και Ανδρουλακη; Τους ψηφίσαν (οποίοι...) για Ευρωβουλή, τώρα λέει παραιτούνται για να βοηθήσουν εδώ το κόμμα τους...!... καταδολίευση δεν λέγεται αυτό; Εξαπάτηση ψηφοφόρου;!; #Εκλογές2019 #ευρωεκλογες2019 #ξεφτίλες",0
5366,Σουζανα μου αλλες 2 ωρες να ειχες δεν θα τα καταφερνες γιατι απλα δεν μπορεις #gntmgr,0
5063,Πεστααααααα #xfactorgr,0
10193,Αχ να μασταν και εμείς Μύκονο να ξεκουραστεί το κορμάκι μας το βασανισμένο. #gntmgr,0
6289,Του λέω κοίτα τι μαγειρεύουν οι άντρες στο τουΐτερ! Ε μου λέει εγώ δεν έχω τουΐτερ. Τι του λες τώρα.,0
3204,"Χρόνια πολλά λέει θα είσαι πάντα η μικρή μου αδερφή, εν τω μεταξύ είναι η μικρή της αδερφή",0
2684,@USER το μουνι σου ειναι ρουμπινι και κανενας δεν θα μεινει,1
588,"Να είσαι Ολυμπιακός, να πηγαίνεις σχολείο και να είσαι στο τμήμα Α2. Μην σου τύχει. #paobc #PAOoly #mexritelous #OlympiacosBC #olympiacos",0
4232,#gynaikaxwrisonoma της εχει γυρισει το ματι της Μαρινας παντως δετη βλεπω και αυτη καλα!,0
2832,Μεσα στο παιχνιδι κανεις δεν εχει βγαλει το θαμμενο ερωτικο της κοκκαλοσουπας.. εξω ομως; ευκολακι ε; Γνωριζεις αγνωστο. Σου το βγαζει κ ολα οκ! Αλλα δεν εχει φραγκα..να παρει η ευχη. #PowerofLoveGR,0
3523,@USER Αυτά τα τουη θα σας ακολουθούν για πάντα! Ο Σιλας μπροστά στην σκέψη σου είμαι Άγγελος. Εσυ είσαι ένας κοινός φασίστας,0
8218,Η Αρέστη δεν έγινε αρεστή... #XFactorGR,0
5548,Ακόμη κ με τα αβαντάζ προσπαθούν να τις κάνουν να ξεκατινιαστουν!θα μπορούσαν να πουν τα κορίτσια με το αβαντάζ έχουν λίγο χρόνο παραπάνω κ τέλος! #gntmgr,0
5345,#gntmgr πω έχει ξεκινήσει το γλύψιμο από τις ff,0
6371,Έτσι και στείλεις σε 5ψηφιο. Σου στέλνουν πάντα μηνύματα και σε χρεώνουν οι κινητές 200αρια... Μην στέλνετε ούτε κλήση #kalomesimeraki,0
1453,Μπεζέδες θέλει να φτιαξει η άλλη για τον τελικό; #MasterChefGR #masterchefgr_xeftiles,0
9240,Αυτός ήταν ο Νίκος Φουντουλάκης. Ο διαφημιστής που έσβησε χθες απο τον καρκίνο #agriesmelisses #gntmgr,0
1135,@USER Είσαι #προδότης και να περιμένεις κρεμάλα στο #Γουδί.,0
1841,#Gynaikaxwrisonoma Έλλη τον Μιχάλη πες να μιλήσει στον αδελφό του κ στον φίλο του.,0
8851,Ααααα δε μου αρεσουν αυτα #kokkinopotami,0
3846,@USER Να είσαι καλά επίσης Τανια!,0
3342,"@USER όχι ρε μαλάκες,, δε γίνεται, τι είναι αυτό που ζούμε;",1
3899,@USER Για λύπηση είσαι!Τί άλλο θα κανείς για το μεροκάματο;,0
2111,Μαρθα τώρα που τα πιες.. Πεσ τα όλα στο ρηνιωωωω να σε δοξάσουμε όλοι στο τουιτερ. #GynaikaXwrisOnoma,0
2840,"@USER Ήρθε, ήταν μεγάλη, πόνεσε αλλά υπομονή έρχεται μεγαλυτερη #ερχεται_ΠΟΥΤΣΑ σύντροφε περαστικά",0
7248,"@USER Ας φέρουν να εγκαταστήσουν παιδια, αληθινούς προσφυγες, χωρις εγκληματιες απο τους οποιους κινδυνεύουν ΚΑΙ αυτα αν δεν θελουν αντιδρασεις. Και ας σταματήσουν το μαζικό τραφικινγκ των ΜΚΟ γιατι ειναι εποικισμός και κολπο γκροσσο, οχι ανθρωπισμός",0
5034,Μαδομούνι από τα Lidl #gntmGR,0
5885,"Γκαγκακη, ατυχές στιγμές τα σχόλια γ την φοιτήτρια. Τι λες μωρή σαβούρα! Διαμορφώνετε ήθος κ συμπεριφορές σε νέα παιδιά τόσα χρόνια κ λες ""ατυχές στιγμές. Δε χρειάζεται να μας πείτε τι κάνετε τα βράδυ στα γραφεία με τα αφεντικα σας. Το βλέπουμε. Φύγανε οι βίζιτες από βουκουρεστι",0
9801,Η Ντόρα κατά Κυρανάκη: Μάλλον δεν κατάλαβε… #κυρανακης #γιαννουλης #μπαρμπεκιου #μεταναστευτικό #protagongr,0
18,"@USER Είσαι αστείος... Όσο για το από κοντά παλικαράκι της φακής, εγώ στην πλατεία είμαι αλλά δν τολμάτε μουνοπανα να έρθετε.. Γιαυτό οι ψευτομαγκες όχι σε μένα.. Έχετε και άποψη ζώα...",0
2078,@USER Η μόνη που πήρε τον πουλο γλυκιά μου είσαι εσυ . Ρουφα τώρα ως τις εκλογες... #ηρθε_και_ηταν_μεγαλη,0
124,@USER Είσαι αλλεργικό στις αντίθετες γνωμε ε;,0
1540,"Οι δήθεν αντιφασίστες ΣΥΡΙΖΑΙΟΙ, έβγαζαν μεροκάματο διαδηλώνοντας και κρατώντας πανό με κάθε είδους συνθήματα και το θεωρούσαν δικαίωμα τους. Όταν όμως πολίτες στην ομιλία του Τσίπρα στην Θεσσαλονίκη άνοιξαν πανό που έγραφε «Τσίπρα είσαι προδότης» τους συνέλαβαν!",0
291,"@USER Σαχλαμάρα, δε πας να παίξεις με το πουλάκι σου και να αφήσεις τα πολιτικά σε κανένα σοβαρό άνθρωπο; Άντε γκόσαμε με τους μαλάκες...",1
3916,@USER Κατάλαβα πολύ καλά τι είπες!Ασφαλίτης ή παρακρατικός είσαι κ ζητάς όνομα;,0
9843,@USER Φυγε μωρη πλεμπα μη φας ροχαλα τωρα γιδα ε γιδα,1
6938,"Εμετική θα χαρακτήριζα την υποτιθέμενη συγγνώμη του Γ.Λιάγκα και των συμπαρουσιαστων του. Παρακαλώ όσοι είδατε τον χλευασμό της σεξουαλικής παρενόχλησης που υπέστη η φοιτήτρια του ΑΠΘ να προβείτε σε καταγγελία της εκπομπής ""Μεσημέρι με τον Λιάγκα""-ΣΚΑΙ,στο site του ΕΣΡ.",0
7097,@USER Έτσι αντιδρούν οι γυναίκες στη δουλειά όταν φοράω το καλό μου σακάκι,0
3787,@USER Α καλά είσαι.. Και το χειρότερο όταν τους τα εξηγείς και τους λες κ ηλίθιους παρεξηγούνται,0
7937,Όχι γμτ δεν έφυγε η βλαμμενη #gntmgr,0
4521,"Η Μελίτη, επειδή έχει αθώα παιδική ψυχή, θα συγχωρέσει την Κάτια και θα ανοίξει το δρόμο και για τη Μαρίνα#gynaikaxwrisonoma",0
495,"@USER αχαχαχαχα. ξερει να διαβαζει εναν ισολογισμο...μεχρι εκει εισαι κυριακο,ετσι λεει ο δικος σου.",0
2526,"@USER Φάουλ είσαι και’συ γιατί αντίστοιχα έχεις πολλά posts που κακολογούν, άρα κοίτα τι κάνεις πριν σχολιάσεις εμένα",0
7386,Επιτέθηκαν στον Διουδη οι μπραβοι τπυ μπαοκ. Πουτανες ΓΑΥΡΟΙ του Βορρα. Εχει ο καιρος γυρίσματα.,1
7570,Τοσο φιλες μεσα σ ενα μηνα .... #gntmgr,0
7388,"#GNTMgr περνάει από κάτω, μην το δοκιμάσετε στο σπίτι",0
9780,"Eιμαι η Ηλεκτρα, ειναι η 16η μερα που ερχομαι εδω και ΑΚΟΜΑ ΘΕΛΩ ΝΑ ΠΙΝΩ. #erwtasmeta",0
4554,@USER Α εσύ είσαι ντιπ για ντιπ,1
2181,Να τα να τααααα.....Βρε Γωγουλινι.........ΒΡΕ ΓΩΓΟΥΛΙΝΙ! το δαγκωσες απο την ζηλια; .#shoppingstar,0
3637,Τι παραδεισιο πτηνο ντυθηκε η καγια καλε; #Shoppingstar,0
4440,"@USER Ντροπή ρε φίλε να αναπαράγεις εδώ μέσα τις ψευτιές fake news του ρουφιανάκου που επί 3 χρόνια έβριζε και συκοφαντούσε χυδαία και επί προσωπικού, που ήταν κώλος και βρακί με ΝΔ - ΠΑΣΟΚ στον ΠΙΣ και που τις βρωμιές του τις ανπαρήγαγε copy paste το σάϊτ της ΧΑ ... εκτίθεσαι, σβήστο.",0
5455,"Πιο επιρρεπείς στην ενοχή οι γυναίκες! Γιατί δεν μαγείρεψα; Γιατί παραμέλησα τα παιδιά για τη δουλεία; τον σύζυγο για το σπίτι και τη δουλειά; Μήπως δεν είναι σωστό που άφησα τα παιδιά στη γιαγιά; Μήπως δεν έπρεπε να το φάω αυτό; Καριέρα ή οικογένεια, οικογένεια ή καριέρα;",0
3813,@USER Ξέρει όμως ότι είσαι γλιτσας Κάτι είναι κι αυτό,0
7517,@USER ΝΑΙ ΕΧΕΙΣ ΠΟΛΥ ΩΡΑΙΟ ΜΟΥΝΙ ΚΑΙ ΚΩΛΟ !,1
3313,Σκάφος του λιμενικού έσωσε 60 πρόσφυγες στη Σάμο,0
9568,"- Εγώ να πιω αλκοολ; Όχι,παιδιά...Ποτέ! - Και τα δίδυμα πως τα καναμε; - Έχει δίκιο η γυναίκα μου...Μια φορά μεθυσα! - Και τότε που ξεκίνησες με τα πόδια από Θεσσαλονίκη να πάρεις το διαρκείας του Εδεσσαϊκού που αγόρασες μέσω facebook; - Μου φάνηκε εντάξει τύπος, ΟΚ;",0
5433,Ήταν όμορφη γυναίκα στα νιάτα της. Πως κατάντησε έτσι με τα μπότοξ και τις πλαστικές; Τελικά είναι μεγάλη ευλογία να γερνάς όμορφα. Κρίμα που κάποιες γυναίκες αρνούνται να αποδεχθούν την εικόνα τους καθώς τα χρόνια περνάνε.,0
4907,Ποση ομορφιά να αντεξει καποιος απο τη @USER σε καθε live; Καθε φορα και πιο ομορφη #XFactorGR,0
815,@USER Μην είσαι κακουλης.Μπορεί ο Βαξεβανης να είναι ανηψιος του Μητσοτάκη,0
3737,@USER Να σου ψωλοκοπαναω τα βυζια με μανία καριολα,1
6519,Ωραίο βάψιμο η μαρίνα σήμερα! #gntmgr,0
2553,#GynaikaXwrisOnoma το μαλλί της Έλλης θέλει βάψιμο.. Λούσιμο... Χτένισμα..,0
5707,Βρέθηκαν στον φυσικό τους χώρο οι καρχιες! #gntmgr,0
3000,Αδυναμία σχηματισμού κυβέρνησης στο Ισραήλ και νέες εκλογές...Το μέλλον της #Ελλάδας; #εκλογές2019 #Ευρωεκλογές2019 #ΝΔ #ΣΥΡΙΖΑ_ξεφτιλες #ΚΙΝΑΛ,0
8227,Στην περίπτωση της Ελευθερίας συμφωνώ με τις ff. Sorry not sorry. #gntmgr,0
6819,Η Μαρία δίνει πόνο σήμερα! Κλαίω! #gntmgr,0
6283,#GNTMgr Σπίτι σου κατιουλα μαζί με το άλλο τσούρμο ff,0
6791,"Το θέμα είναι μια συγκέντρωση ρατσιστών εθνικιστών όχι τα κοψίδια και τα ξύδια που θα καταναλώσουν. Άσχετα αν έχουν σκοπό να ""προκαλέσουν"" με το χοιρινό και το αλκοόλ και να το παίξουν ότι κάνουν κάτι ανάλογο με τον ""φανερό δείπνο"" #ενωμενοι_μακεδονες #Διαβατά",0
1416,"Μπράβο Μελίτη, σκαψε τώρα ένα λαγούμι και θα βγεις όλως τυχαίως στο σπίτι της Κάτιας... #GynaikaXwrisOnoma",0
8815,@USER Ρε άντε γαμησου ρε χουντογερε που θα μιλήσεις εσύ για πόλεμο κατά του φασισμού...,1
133,Για να σου πρήξει τα αρχιδια καλέ μου για αυτό σε κάλεσε αντε #poweroflovegr,1
3359,"Εσύ #Προδότη είσαι πρωτοστάτης σ´αυτό,άρα βγάλε τον σκασμό τώρα. #ηρθε_και_ειναι_μεγαλη",0
3848,Ε ρε και το κερδίσει η χαρχάλω! #masterchefgr_xeftiles,0
9249,Σήμερα είναι άντρας #kalomesimeraki,0
600,@USER Γιατι μας κανεις να ζηλευουμε;Τετοιο κοριτσι εισαι;,0
8694,"Χριστέ μου,θα τρελαθω!ειναι ολες τους τσόλια! #GNTMgr",0
9283,Ο Μπράτης σκοτώνει άνθρωπο. #GNTMgr,0
4716,"#ηρθε_και_ηταν_μεγαλη #ερχεται_ΠΟΥΤΣΑ και στις 30/6 Κατουρλή, δεν βρέχει. Σας φτύνουν οι πολλοί.",0
10174,"@USER Όχι, θα είσαι μαλάκας με πτυχία, διδακτορικά, και μεταπτυχιακά...",1
5097,Περιορισμένα πράγματα ‍️ #GNTMgr,0
506,"Ο Φύση! Είσαι πολύ μόνη, έτσι; Είμαι κι εγώ μόνος όσο εσύ Πάρε ένα μπισκότο!",0
5622,Τελείωσε το #enasgiaolous πάρτε θέση! #kokkinopotami,0
3588,@USER Θρησκευτικαγαλουχημένες ν τ επιθυμούν.Χαζό είναι όταν κανεις πολιτική φιλελεφτ σ 1τετοιαν ανάρτηση.Ουτε τλέω καταλαβαίνεις.Αυγά στ τοίχοΦανερός οπαδός τ πολυπολιτισμικοτητας.Ηανάρτηση αφορά #ΓΕΝΟΚΤΟΝΙΑ κ συ κανεις φτηνή προπαγάνδα ψευτοφιλελευθερισμούΝΤΡΟΠΗ σου. Είσαι ασεβής,0
1697,@USER Λοιπόν soft ακου επειδή το σαντ το πετάς απ ότι είδα γενικά εδώ μέσα...δεν ξέρω τι σκατά μόρφωση σου δώσαν αλλά δεν είσαι για πολλά μεγάλε...οκ;περιορισμένης είσαι...οκ σαντοδικηγορούλη;,0
3908,@USER ρε ποσο μαλακες ειμαστε εμεις του ιδιωτικου τομεα .... αλλος πληρωνε και πληρωνει και αλλος τα παιρνει .....,1
2703,"Φιλος μου εφορευτικη στις εκλογες, ανοιγε φακελους, βρισκει λευκο που εγραφε ""τι καβλα αυτος ο γραμματεας"". Το βλεπουν ολοι, αμηχανα γελια, πανε γρηγορα στο επομενο γιατι σε εκεινο το εκλογικο κεντρο ψηφισαν αντρες και γιαγιαδες 70+ ετων.",0
1279,Εσείς τι θα αγοράζατε από αυτά που φόρεσε η Πάρις; #shoppingstar,0
3504,@USER Πρεπει να εισαι η νικητρια γιατι το αξιζεις! Σε λατρευω!,0
1492,@USER Και τον βεργη καποιοι παλαβοι ψηφισανε την στιγμη που ο αλλος θελει να τον ψηφισει δε μπορουμε να πουμε οτι εισαι λαθος που τον ψηφιζεις απλα πως διαφωνουμε με την ψηφο σου,1
5167,"#XFactorGR αχ το λατρεύω αυτό το τραγούδι που παίζει από πίσω ""κάτω απ τη μαρκίζα"" από την αξεπέραστη Βίκυ Μοσχολιου",0
3833,#gynaikaxwrisonoma Μαρινα μυαλο ξουραφι σαν την κατια!κατα μανα κατα κορη!,0
2385,"Δεν έχω πολύ χρόνο στη διάθεσή μου, ήρθα να αγοράσω δέκα κιλά σανό για τη Σοφία και τη Ρία. Μητσουλας #GynaikaXwrisOnoma",0
6049,#GNTMgr χάχα α α το είδατε το τρέιλερ εε.. Η ΣΟΥΖΗ ΕΊΝΑΙ ΜΈΣΑ,0
6250,Ε ρε τη καημενη την Ελευθερία #gntmgr,0
7763,Σκυλι μαυρο Τοπάλ #KokkinoPotami,0
1559,@USER ηλίθιο τρολακι roof το έχεις χάσει Εδώ mardou mother Δημάδη Είσαι πολύ Μ...ας ακόμα κι σε αυτό το απλό έξω πέφτεις διαδίδοντας fake news Σκέψου πόσο μένος έχεις για Σουλτογιαννη και Δημάδη Η ηλιθιότητα και η κακια ανίκητες κύριε η κυρία κλαρινογαμπρε-νυφη Ρωτά να μάθεις for me,0
1701,κάνει ελαφρό ΣΟΜΠΡΈ ειπε; ομπρέ εννοούσε; #shoppingstar,0
9948,Το επόμενο καλοκαίρι φίλη μου θα συναντιεστε τυχαία και θα κάνετε πως δεν ξέρετε η μια την άλλη. #gntmgr,0
7943,Διαισθηση η Ηλιανα ή το χουν στησει; #gntmgr,0
5032,Πουλά τα μωρή μαλακισμενη τα κωλοχωραφα στοδιαλοαποδωπερα #AgriesMelisses,1
5442,"@USER Ελεος με αυτο, οταν θα δειτε τις αγριες μελισσες να γινεται σαπουνοπερα απο τα πολλα επεισοδια τοτε να σας δω. Και μην ξεχναμε οτι βασιζεται σε βιβλιο και αληθινα γεγονοτα δεν μπορουν να κανουν οτι θελουν. Και οση ωρα επαιζαν απεναντι ηταν πρωτο το κοκκινο ποταμι.#kokkinopotami",0
8072,Γιατι να ερθει η Σουζανα μαρη; Να επιλεγατε απο ολες οσες εφυγαν #gntmgr,0
911,"Τσιτσιπάς σε Σάμαρη: «Είσαι βασιλιάς, συγχαρητήρια για τον τίτλο!»",0
5461,Έλεος όμως.....γυρνάτε για άλλους και άλλους και όχι για αυτην; #TheVoiceGR,0
9942,Πρεπει να παω να δω τον Ροκκο απο κοντα! #TheVoiceGR,0
2666,@USER Δεν πιστεβω λεξη απο οσα λες! Εισαι προδοτης απατεωνας! Δεν εισαι Ελληνας! Να θυμασε ο θεος συνχωρει η Μακεδονες οχι! Αν εισουν ανδρας με παντελονια δε θα εβαζες τους Συριζομπατσουσου να σε φυλανε Κουμουνι μισελληνα! Αλλα πιος εχασε τον ανδρισμο του για να τον βρεις εσυ Τουρκαλα!,0
3403,Η Λίλιαν (με τα παιδιά) θα συναντήσει τον αγνοούμενο Άρη και θα πάνε όλοι μαζί στον αγύριστο..... #gynaikaxwrisonoma,0
4494,Ξένοι και στα τοπικά πρωταθλήματα βόλεϊ!,0
9676,Κλαυσίγελος. Και μπράβο για την ειλικρίνεια! #gntmgr,0
5419,Που να δεις τι στάση έχουμε εμεις απέναντι σου Κάτια ! #gntmgr,0
9785,Γιατί τους παρακολουθεί ο άστεγος Δημήτρης στο τρία χρόνια μετά; #erwtasmeta,0
8191,Αχαχαζαζαχ οκει σουζανα κανει την απoλυτη φωτογραφιση η κοπελα ειναι για ιταλικη βογκ #gntmgr,0
1625,"@USER Και ακους και μεταλ, ντροπή σου. Που πηγε ο Warell Dane μόνο και μονο για να φαει στο εστιατόριο στην Κω ενος φίλου μου που έχει πάρει βραβεία michelin και ειναι στο τοπ τεν παγκοσμιως. Και εχει και 1,7 εκ τουριστες. Τι να ξερουν αυτοι ; Τι μας κρυβουν οι διαόλοι οι μαύροι;",0
9558,"Ε αν δν ξεμαλλιαζονταν δλδ τι θα βλεπαμε , χαρωπες κοπελιτσες με κοτουλες να βγαζουν φωτο; Ας βαζαν επαναληψη ρετιρε καλυτερα #gntmgr",0
1488,"@USER Βρε Χριστάκη ασχολήσου με την Eurovision που σου ταιριάζει και άσε τα σχόλια περί πολιτικής καθώς προφανέστατα είσαι άσχετος. Είναι κρίμα να μην σε παίρνουμε σοβαρά και στην Eurovision, αφού έκτισες το image μην το χαλάς.",0
6365,Ρε αυτή είναι άσχημη #gntmgr,0
5632,"Επιτέλους έκραξαν την Ελευθερία, ΕΠΙΤΕΛΟΥΣ ! #gntmgr",0
5005,Είδωλο από τα λίγα! #GNTMgr,0
4435,Αλέξη.. στο Σύνταγμα μας πεταγες δακρυγόνα και μας έλεγες φασίστες...σήμερα θα σου δείξουμε τι σημαίνει δημοκρατία....#ekloges2019 #ερχεται_ΠΟΥΤΣΑ #ερχεται_ΚΑΡΑΠΟΥΤΣΑ,0
2082,"@USER Όταν είσαι μπατριωτης,,,την Κυριακή τα μούτρα τους θέλω να δω,σαν σε μνημόσυνο θα είναι,,, εικόνα ανεκτίμητη",0
3095,@USER Σε ευχατιστω Κατερινα. Να εισαι παντα καλα.,0
2241,Η ιστορια επαναλαμβανεται.... Ο Μπαμπης Παπαδημητριου εβαλε πλωρη για εκπροσωπος τυπου της #ΝΔ_ξεφτιλες Για να παει μπροστα η χωρα μας ξερεις Ελληνα... Ψηφο στο #κουλης ....Ψηφο στον #skaipolxeftiles,0
5868,Που ζουμε ρε μαλακα. Τι εχει συμβει στην ανθρωποτητα. HuffPost Greece: Βαρκελώνη: Πέντε άντρες βίασαν κορίτσι 14 ετών και αθωώθηκαν επειδή ήταν αναίσθητη. μέσω @USER,0
4656,@USER Άντρες...,0
7243,"Υποκινούμενοι ψευτο-πρόσφυγες στη Χίο, εκβιάζουν για την μεταφορά τους σε ξενοδοχεία και διαμερίσματα της ενδοχώρας.",0
510,"@USER Οι ψηφοφόροι του ΣΥΡΙΖΑ ψήφισαν Κουντούρα κ Γεωργουλη(που τον σούταρε η ΝΔ), ανέχτηκαν Καμμενο,Κουίκ,Παπακωστα(που έλεγε κατσαρίδες τους παράνομους μεταναστες).....Ο ΣΥΡΙΖΑ ειναι ενα λαϊκίστικο κομμα, αποτελούμενο απο τυχοδιώκτες. Σαν εσενα.",1
957,@USER Ετοιμη είσαι βλέπω,0
604,"Αν ειναι να με θάψει ζωντανή , να παιχτεί κατι με τη μήτρα κ το μυαλο του , να Πιει το αίμα μου κ αλλα υγρά μου που θα ναι πεταμένα απο δω κ απο εκει , για να νιωσω τον Ερωτα , στο μουνι μου , για παντα μονη μου ρε !",1
4754,"Σιγά μαρη Γωγώ έχασες το χρωμα σου,10 λεπτά κέρδισε δεν κέρδισε και το τζόκερ, #shoppingstar",0
8669,Αφου μωρη Τσουζανα εισαι ΑΧΡΗΣΤΗ ! Σκασε τωρα και μπουκωνε #GNTMgr,0
9108,"Μαλάκα πολύ αληθινό αυτό το #kokkinopotami , έ;",1
1229,@USER Πιιιι.....είσαι χειρότερος που εμένα. Μόλις ήρτα σπίτι που την εντατική . Άτε have a good night .,0
4310,@USER Εσύ μια χαρά είσαι... Εγώ λέω να θυσιάσουμε τον παίχτη π στο είπε,0
8847,εγώ θα κλάψω από χαρά #GNTMgr,0
5324,Κρίμα το παλληκάρι Α ρε ιλαρχε #kokkinopotami,0
3053,@USER Είσαι το Σπερματοζωαριοπου έλειπε από τον Κατσαπλια για να γεννηθεί ένα Μόρφωμα,0
6742,Εγώ μόνο την πετρούλα Ρουφιξτον ξέρω κύριε Μπράτη μου #gntmgr,0
1162,Τι ατακοδορος που είσαι ρε θείο Leo #MasterChefGR,0
9045,"Τον παίρνω τηλέφωνο, δεν μου είπες χρόνια πολλά για σήμερα του λέω, γιατί να σου πω μου λέει, γιατί είμαι ο Άγγελος της ζωής σου του λέω και μου το έκλεισε. Κι αυτός όπως καταλάβατε είναι ο μαλάκας της δικής μου ζωής.",0
4972,@USER Έχουν σχέδιο ρε συ οι άνθρωποι ήταν έτοιμοι να τα κάνουν όλα πουτάνα. Άντε μετά ο Αλέξης να τα ξανά μαζέψει.. #τι_ψηφισατε_ρε_μαλακες,1
136,ΑΝΝΑ ΓΟΥΛΑ ΛΕΙΠΕΙΣ. #giatinparea,0
8232,Άσε ρε φίλε πήγαινε πουλά αλλού το παραμύθι πέρυσι βάλαμε γκολ στον Βαζελο στο 97 και φωνάζανε όλοι και εσείς οι κομπλεξικοι του βορρά πόσες καθυστερήσεις έπρεπε να κρατήσει;Οπότε αλλού αυτά πουτανες του Ρώσου!,0
1586,"Ρία μου, Αγαπημένη εθνική μάνα, μη κλαίς.Μου σπαράζεις την καρδιά! Πόσο καλή ηθοποιός όμως η @USER. Θα μας λείψει πολύ από την σειρά. Ας ελπίσουμε να την δούμε και κάπου αλλού τηλεοπτικά,αλλά και ως γκεστ κάποια στιγμή εδώ. #GynaikaXwrisOnoma",0
4420,@USER Σάκη αφου κάποτε ήσουν αριστερός άρα ξέρεις...πουτανα ολα!,1
4243,Τί ήταν αυτό το πριν με το μαλλί; Πρώτη φορά που είχε δίκιο η Βίκυ που της μίλησε. #shoppingstar,0
177,είμαστε 10 χρονια φίλες με τη Ρένια..απ´τα 22 μας.. #poweroflovegr,0
6926,"Ακριβώς! Όλες οι άλλες αγγελούδια, μόνο η Κάτια είναι ο σατανάς! Που η μία θάβει την άλλη σε χρόνο dt εκεί μέσα! #GNTMgr",0
9303,Ετσι θα κανει νουμερα η #Skatiana για να χτυπησει Ναταλια και #AnnitaKoita; Μετα την Ματινα μας ειπε να καλεσει και τον Μουτσινα αυτην την Κυριακη στο #MaziSouSk; #Kalomesimeraki #Kalytera #TheVoicegr,0
7574,Φακινγκ Φούλς είστε ηλιθιες! Αυτό σας ταιριάζει άψογα! #gntmgr,0
3835,"@USER Δοκίμασε με γυναίκες ρε συ, κυκλοφορεί πολύ ντόπιο πράμα.",0
19,@USER Αν δεν είσαι γαύρος να γίνεις γιατί έχεις τα προσόντα: Είσαι κάφρος και το tl σου μοιάζει με κλανιά σε ασανσέρ γεμάτο κόσμο.,0
6044,Η Σουζάνα δεν ειχε φυγει ; #gntmgr,0
7952,Λογαριασμοι: απληρωτοι Γκομενος: ουτε για πλακα Δευτεροτριτα συντροφια με το #gntmgr Σουζανα: επιστρεφει Εγω:,0
866,"Αν συνυπολογίσεις τον παράγοντα Βελοπουλος, είσαι ικανοποιημένος από τη διαφαινόμενη πτώση των ναζί; #ekloges2019",0
2900,40 βαθμοί κ αντί για μουναρα νιώθω κότα σε κλουβί. σταδιαλα.,0
6576,@USER Ψόφο Αλβανή πουτάνα.,1
9886,Κοίτα πως κάνουν για την Μύκονο. Ρέ! Σαν την Λούτσα δεν έχει!#gntmgr,0
3843,Η Μαρία που όπως λέει υποστηρίζει όλα όσα φοράει....... γιατί είναι λέει ψηλή και λεπτή..... καλά θα κάνει να έρθει στο σήμερα και να ντυθεί αναλόγως..... επίσης Μαρία κάνε κάτι με το τατού στα φρύδια.... γιατί έγινες σκιαχτική..... #shoppingstar,0
